date, pm25, pm10, so2, co
2024/10/1, 62, 34, 4, 
2024/10/2, 80, 12, , 
2024/10/3, 39, 7, , 
2024/10/4, 26, 14, , 
2024/10/5, 46, 15, , 
2024/10/6, 47, 22, , 
2024/10/7, 58, 27, 1, 
2024/10/8, 63, 16, 1, 
2024/10/9, 42, 15, 1, 
2024/10/10, 39, 8, 1, 
2024/10/11, 22, 14, 1, 
2024/10/12, 38, 25, 1, 
2024/10/13, 66, 20, 1, 
2024/10/14, 46, 25, 1, 
2024/10/15, 62, 19, 1, 
2024/10/16, 53, 35, 1, 
2024/10/17, 94, 32, 1, 
2024/10/18, 79, 29, 1, 
2024/10/19, 63, 30, 1, 
2024/10/20, 76, 45, 1, 
2024/10/21, 112, 56, 1, 
2024/10/22, 136, 56, 1, 
2024/10/23, 130, 46, 1, 
2024/10/24, 106, 61, 1, 
2024/10/25, 137, 65, 1, 
2024/10/26, 154, 62, 1, 
2024/10/27, 146, 64, 1, 
2024/10/28, 157, , , 
2024/7/1, 42, 8, , 
2024/7/2, 21, 8, , 
2024/7/3, 24, 10, , 
2024/7/4, 28, 10, 1, 
2024/7/5, 25, 14, 3, 
2024/7/6, 41, 16, 1, 
2024/7/7, 44, 19, , 
2024/7/8, 49, 31, , 
2024/7/9, 65, 31, 2, 
2024/7/10, 57, 27, 1, 
2024/7/11, 53, 29, 2, 
2024/7/12, 60, 22, 1, 
2024/7/13, 54, 20, 1, 
2024/7/14, 54, 20, 1, 
2024/7/15, 51, 23, 1, 
2024/7/16, 59, 25, 1, 
2024/7/17, 57, 19, , 
2024/7/18, 48, 19, 1, 
2024/7/19, 42, 15, , 
2024/7/20, 51, 16, , 
2024/7/21, 50, 17, , 
2024/7/22, 51, 19, , 
2024/7/23, 51, 14, 1, 
2024/7/24, 37, 9, 1, 
2024/7/25, 25, 13, 1, 
2024/7/26, 35, 16, 4, 
2024/7/27, 35, 16, 3, 
2024/7/28, 37, 7, 1, 
2024/7/29, 15, 13, 1, 
2024/7/30, 28, 18, 1, 
2024/7/31, 32, 20, 5, 
2024/8/1, 41, 14, 1, 
2024/8/2, 38, 7, , 
2024/8/3, 23, 12, , 
2024/8/4, 40, 10, , 
2024/8/5, 33, 10, 1, 
2024/8/6, 26, 15, 1, 
2024/8/7, 31, 14, 5, 
2024/8/8, 30, 10, 1, 
2024/8/9, 30, 11, 1, 
2024/8/10, 31, 12, 1, 
2024/8/11, 31, 14, 1, 
2024/8/12, 34, 20, 3, 
2024/8/13, 44, 26, 2, 
2024/8/14, 54, 18, 1, 
2024/8/15, 52, 19, 1, 
2024/8/16, 50, 23, 3, 
2024/8/17, 57, 22, , 
2024/8/18, 61, 22, 1, 
2024/8/19, 60, 15, 1, 
2024/8/20, 46, 18, 1, 
2024/8/21, 49, 15, 1, 
2024/8/22, 36, 17, 3, 
2024/8/23, 43, 20, 5, 
2024/8/24, 47, 18, 2, 
2024/8/25, 44, 18, 1, 
2024/8/26, 43, 20, , 
2024/8/27, 48, 22, 1, 
2024/8/28, 50, 25, , 
2024/8/29, 57, 29, , 
2024/8/30, 56, 32, , 
2024/8/31, 62, 25, , 
2024/9/1, 54, 27, , 
2024/9/2, 53, 29, , 
2024/9/3, 56, , 1, 
2024/9/8, 77, 33, 1, 
2024/9/9, 62, 6, , 
2024/9/10, 17, 11, , 
2024/9/11, 26, 15, 1, 
2024/9/12, 32, 3, , 
2024/9/13, 9, 3, , 
2024/9/14, 11, 2, , 
2024/9/15, 10, 6, , 
2024/9/16, 23, 13, 1, 
2024/9/17, 49, 23, 1, 
2024/9/18, 60, 33, 1, 
2024/9/19, 72, 26, 1, 
2024/9/20, 57, 31, 3, 
2024/9/21, 62, 32, 2, 
2024/9/22, 65, 32, 2, 
2024/9/23, 70, 29, 1, 
2024/9/24, 72, 20, , 
2024/9/25, 54, 22, 1, 
2024/9/26, 59, 25, 1, 
2024/9/27, 52, 16, , 
2024/9/28, 46, 7, , 
2024/9/29, 21, 15, , 
2024/9/30, 45, 23, 3, 
2024/4/1, 102, 4, , 
2024/4/2, 12, 13, , 
2024/4/3, 38, 15, , 
2024/4/4, 36, 16, , 
2024/4/5, 37, 20, , 
2024/4/6, 49, 22, , 
2024/4/7, 52, 23, 1, 
2024/4/8, 39, 30, 1, 
2024/4/9, 54, 28, , 
2024/4/10, 49, 19, , 
2024/4/11, 48, 28, 1, 
2024/4/12, 65, 24, , 
2024/4/13, 58, 21, , 
2024/4/14, 48, 21, , 
2024/4/15, 49, 22, 1, 
2024/4/16, 38, 4, , 
2024/4/17, 18, 11, , 
2024/4/18, 40, 13, , 
2024/4/19, 43, 16, 1, 
2024/4/20, 51, 5, , 
2024/4/21, 19, 17, , 
2024/4/22, 56, 20, 1, 
2024/4/23, 59, 16, , 
2024/4/24, 56, 21, 1, 
2024/4/25, 64, 17, , 
2024/4/26, 50, 14, , 
2024/4/27, 41, 15, 1, 
2024/4/28, 39, 18, 1, 
2024/4/29, 35, 21, 1, 
2024/4/30, 33, 13, 1, 
2024/5/1, 39, 18, 1, 
2024/5/2, 46, 6, , 
2024/5/3, 21, 11, 1, 
2024/5/4, 33, 15, 2, 
2024/5/5, 46, 9, , 
2024/5/6, 28, 8, , 
2024/5/7, 24, 9, , 
2024/5/8, 31, 17, 1, 
2024/5/9, 48, 17, , 
2024/5/10, 47, 16, 1, 
2024/5/11, 44, 15, 1, 
2024/5/12, 45, 13, 1, 
2024/5/13, 33, 12, , 
2024/5/14, 36, 17, , 
2024/5/15, 47, 15, 1, 
2024/5/16, 37, 15, , 
2024/5/17, 44, 13, , 
2024/5/18, 32, 17, , 
2024/5/19, 46, 17, 1, 
2024/5/20, 46, 23, 1, 
2024/5/21, 57, 8, , 
2024/5/22, 22, 6, , 
2024/5/23, 19, 9, 1, 
2024/5/24, 26, 16, 2, 
2024/5/25, 47, 13, 1, 
2024/5/26, 44, 19, 1, 
2024/5/27, 48, 18, 1, 
2024/5/28, 45, 12, , 
2024/5/29, 33, 11, , 
2024/5/30, 34, 10, 1, 
2024/5/31, 30, 6, , 
2024/6/1, 15, 8, 1, 
2024/6/2, 21, 12, 1, 
2024/6/3, 39, 7, , 
2024/6/4, 23, 11, , 
2024/6/5, 30, 14, , 
2024/6/6, 35, 19, 1, 
2024/6/7, 53, 23, 1, 
2024/6/8, 49, 24, 1, 
2024/6/9, 59, 19, 1, 
2024/6/10, 48, 10, , 
2024/6/11, 33, 9, , 
2024/6/12, 32, 12, , 
2024/6/13, 41, 12, , 
2024/6/14, 37, 12, 1, 
2024/6/15, 36, 13, 1, 
2024/6/16, 39, 15, 1, 
2024/6/17, 40, 21, 1, 
2024/6/18, 53, 26, 1, 
2024/6/19, 56, 27, 1, 
2024/6/20, 54, 50, 1, 
2024/6/21, 88, 49, 1, 
2024/6/22, 94, 15, , 
2024/6/23, 42, 19, 1, 
2024/6/24, 37, 19, 1, 
2024/6/25, 43, 25, 2, 
2024/6/26, 64, 14, 1, 
2024/6/27, 46, 18, 1, 
2024/6/28, 52, 17, , 
2024/6/29, 50, 19, 1, 
2024/6/30, 54, 17, , 
2024/1/1, 108, 36, , 
2024/1/2, 95, 21, , 
2024/1/3, 65, 46, 1, 
2024/1/4, 116, 57, 2, 
2024/1/5, 139, 40, 1, 
2024/1/6, 114, 14, , 
2024/1/7, 54, 19, , 
2024/1/8, 68, 25, , 
2024/1/9, 79, 43, , 
2024/1/10, 120, 47, 2, 
2024/1/11, 131, 35, 2, 
2024/1/12, 107, 46, 1, 
2024/1/13, 125, 56, 6, 
2024/1/14, 153, 49, 1, 
2024/1/15, 126, 24, 1, 
2024/1/16, 78, 44, 1, 
2024/1/17, 123, 26, 1, 
2024/1/18, 76, 15, , 
2024/1/19, 52, 23, , 
2024/1/20, 73, 39, , 
2024/1/21, 112, 57, 6, 
2024/1/22, 152, 40, 1, 
2024/1/23, 110, 59, 3, 
2024/1/24, 149, 44, 1, 
2024/1/25, 117, 43, , 
2024/1/26, 115, 13, , 
2024/1/27, 41, 18, , 
2024/1/28, 57, 46, , 
2024/1/29, 121, 44, 10, 
2024/1/30, 120, 68, 6, 
2024/1/31, 161, 81, 7, 
2024/2/1, 177, 55, 1, 
2024/2/2, 134, 45, , 
2024/2/3, 124, 60, 2, 
2024/2/4, 145, 55, , 
2024/2/5, 137, 38, , 
2024/2/6, 104, 36, , 
2024/2/7, 99, 37, , 
2024/2/8, 103, 32, , 
2024/2/9, 83, 34, , 
2024/2/10, 87, 14, 1, 
2024/2/11, 49, 26, , 
2024/2/12, 76, 23, , 
2024/2/13, 70, 27, , 
2024/2/14, 81, 36, , 
2024/2/15, 100, 39, 7, 
2024/2/16, 101, 44, 2, 
2024/2/17, 118, 25, , 
2024/2/18, 79, 39, 3, 
2024/2/19, 107, 30, , 
2024/2/20, 90, 30, , 
2024/2/21, 80, 32, , 
2024/2/22, 90, 13, , 
2024/2/23, 45, 12, , 
2024/2/24, 44, 29, , 
2024/2/25, 89, 37, , 
2024/2/26, 95, 48, , 
2024/2/27, 115, 58, , 
2024/2/28, 135, 60, , 
2024/2/29, 146, 50, , 
2024/3/1, 127, 27, , 
2024/3/2, 78, 34, , 
2024/3/3, 93, 39, , 
2024/3/4, 99, 49, 1, 
2024/3/5, 123, 41, , 
2024/3/6, 106, 37, , 
2024/3/7, 109, 25, 1, 
2024/3/8, 78, 29, 1, 
2024/3/9, 87, 26, 2, 
2024/3/10, 72, 12, 1, 
2024/3/11, 36, 6, , 
2024/3/12, 24, 16, , 
2024/3/13, 58, 25, , 
2024/3/14, 75, 35, , 
2024/3/15, 95, 37, , 
2024/3/16, 103, 19, , 
2024/3/17, 60, 15, 1, 
2024/3/18, 52, 18, , 
2024/3/19, 57, 31, , 
2024/3/20, 85, 41, , 
2024/3/21, 105, 45, , 
2024/3/22, 114, 27, 1, 
2024/3/23, 76, 8, , 
2024/3/24, 26, 23, , 
2024/3/25, 65, 19, 5, 
2024/3/26, 55, 30, 2, 
2024/3/27, 70, 5, , 
2024/3/28, 17, 10, 1, 
2024/3/29, 27, 18, 3, 
2024/3/30, 40, 70, 2, 
2024/3/31, 88, 77, 2, 
2023/10/1, 42, 17, , 
2023/10/2, 50, 27, 2, 
2023/10/3, 62, 22, , 
2023/10/4, 52, 19, , 
2023/10/5, 49, 23, , 
2023/10/6, 58, 26, 1, 
2023/10/7, 68, 19, , 
2023/10/8, 43, 19, , 
2023/10/9, 42, 31, 1, 
2023/10/10, 71, 33, 10, 
2023/10/11, 74, 29, 1, 
2023/10/12, 72, 30, , 
2023/10/13, 74, 30, , 
2023/10/14, 74, 14, , 
2023/10/15, 43, 14, , 
2023/10/16, 46, 25, 1, 
2023/10/17, 72, 38, 9, 
2023/10/18, 100, 47, 3, 
2023/10/19, 121, 32, , 
2023/10/20, 69, 24, , 
2023/10/21, 54, 10, , 
2023/10/22, 30, 23, , 
2023/10/23, 59, 41, , 
2023/10/24, 81, 12, , 
2023/10/25, 32, 15, , 
2023/10/26, 46, 13, , 
2023/10/27, 40, 22, , 
2023/10/28, 60, 22, , 
2023/10/29, 60, 31, 1, 
2023/10/30, 68, 16, 1, 
2023/10/31, 42, 12, 3, 
2023/11/1, 38, 30, 1, 
2023/11/2, 74, 17, , 
2023/11/3, 49, 17, , 
2023/11/4, 51, 16, , 
2023/11/5, 49, 37, , 
2023/11/6, 92, 36, 1, 
2023/11/7, 93, 23, , 
2023/11/8, 62, 41, 2, 
2023/11/9, 110, 43, 1, 
2023/11/10, 116, 30, , 
2023/11/11, 87, 36, 1, 
2023/11/12, 99, 48, 1, 
2023/11/13, 123, 56, , 
2023/11/14, 129, 25, , 
2023/11/15, 69, 34, 2, 
2023/11/16, 92, 23, 1, 
2023/11/17, 67, 8, , 
2023/11/18, 30, 39, 1, 
2023/11/19, 109, 58, 5, 
2023/11/20, 146, 29, 1, 
2023/11/21, 89, 23, , 
2023/11/22, 77, 37, , 
2023/11/23, 100, 45, , 
2023/11/24, 121, 9, , 
2023/11/25, 39, 18, , 
2023/11/26, 62, 40, 4, 
2023/11/27, 112, 28, 1, 
2023/11/28, 89, 25, , 
2023/11/29, 74, 49, 3, 
2023/11/30, 128, 52, 1, 
2023/12/1, 120, 29, 1, 
2023/12/2, 75, 24, , 
2023/12/3, 72, 40, 6, 
2023/12/4, 112, 54, 2, 
2023/12/5, 142, 29, , 
2023/12/6, 90, 27, , 
2023/12/7, 87, 46, , 
2023/12/8, 127, 39, , 
2023/12/9, 116, 48, , 
2023/12/10, 133, 54, , 
2023/12/11, 141, 58, , 
2023/12/12, 150, 49, , 
2023/12/13, 127, 29, , 
2023/12/14, 87, 31, 1, 
2023/12/15, 92, , 1, 
2023/12/17, 109, 57, 3, 
2023/12/18, 140, 62, 7, 
2023/12/19, 154, 71, 1, 
2023/12/20, 164, 51, 4, 
2023/12/21, 130, 31, 1, 
2023/12/22, 96, 24, 1, 
2023/12/23, 77, 50, 1, 
2023/12/24, 130, 33, 1, 
2023/12/25, 93, 48, 1, 
2023/12/26, 127, 49, 1, 
2023/12/27, 127, 58, , 
2023/12/28, 143, 61, 3, 
2023/12/29, 147, 52, 1, 
2023/12/30, 136, , , 
2023/7/1, 45, 11, , 
2023/7/2, 41, 17, , 
2023/7/3, 40, 14, , 
2023/7/4, 39, 16, , 
2023/7/5, 52, 16, , 
2023/7/6, 48, 13, , 
2023/7/7, 37, 13, , 
2023/7/8, 38, 15, , 
2023/7/9, 44, 16, , 
2023/7/10, 49, 18, , 
2023/7/11, 53, 18, , 
2023/7/12, 49, 16, , 
2023/7/13, 36, 4, , 
2023/7/14, 19, 17, 4, 
2023/7/15, 54, 19, , 
2023/7/16, 58, 16, , 
2023/7/17, 46, 16, , 
2023/7/18, 40, 9, , 
2023/7/19, 25, 10, , 
2023/7/20, 33, 24, , 
2023/7/21, 39, , , 
2023/7/24, 54, 17, , 
2023/7/25, 46, 7, , 
2023/7/26, 23, 7, , 
2023/7/27, 20, 13, , 
2023/7/28, 45, , , 
2023/7/30, 44, 9, , 
2023/7/31, 28, 13, 1, 
2023/8/1, 34, 5, 2, 
2023/8/2, 13, 11, 1, 
2023/8/3, 34, 14, , 
2023/8/4, 41, 6, , 
2023/8/5, 20, , , 
2023/8/7, 12, 5, , 
2023/8/8, 15, 12, 4, 
2023/8/9, 33, 16, , 
2023/8/10, 49, 16, , 
2023/8/11, 45, 15, , 
2023/8/12, 42, 17, , 
2023/8/13, 48, 20, 1, 
2023/8/14, 53, 24, 1, 
2023/8/15, 58, 22, , 
2023/8/16, 64, 28, , 
2023/8/17, 76, 28, , 
2023/8/18, 73, 22, , 
2023/8/19, 64, 22, , 
2023/8/20, 60, 26, , 
2023/8/21, 65, 27, , 
2023/8/22, 67, 27, , 
2023/8/23, 65, 27, , 
2023/8/24, 63, 28, 2, 
2023/8/25, 61, 35, 5, 
2023/8/26, 76, 38, 1, 
2023/8/27, 77, 40, 1, 
2023/8/28, 76, 14, , 
2023/8/29, 38, 10, , 
2023/8/30, 32, 11, , 
2023/8/31, 38, 9, , 
2023/9/1, 29, 18, , 
2023/9/2, 55, 23, , 
2023/9/3, 65, 11, , 
2023/9/4, 27, 13, , 
2023/9/5, 35, 19, , 
2023/9/6, 49, 25, , 
2023/9/7, 55, 24, 1, 
2023/9/8, 51, 24, 1, 
2023/9/9, 56, 27, 1, 
2023/9/10, 61, 27, 7, 
2023/9/11, 61, 28, 1, 
2023/9/12, 64, 32, , 
2023/9/13, 74, 21, , 
2023/9/14, 58, 18, , 
2023/9/15, 43, 16, , 
2023/9/16, 39, 20, , 
2023/9/17, 61, 29, 3, 
2023/9/18, 72, 24, , 
2023/9/19, 52, 19, 6, 
2023/9/20, 36, 24, 1, 
2023/9/21, 57, 28, 1, 
2023/9/22, 59, 11, , 
2023/9/23, 33, 3, , 
2023/9/24, 10, 14, , 
2023/9/25, 44, 28, , 
2023/9/26, 66, 36, 2, 
2023/9/27, 64, 32, 1, 
2023/9/28, 62, 33, , 
2023/9/29, 67, 32, , 
2023/9/30, 73, 14, , 
2023/4/1, 31, 16, , 
2023/4/2, 53, 14, , 
2023/4/3, 48, 14, , 
2023/4/4, 47, 24, , 
2023/4/5, 77, 27, , 
2023/4/6, 82, 25, , 
2023/4/7, 80, 36, , 
2023/4/8, 108, 37, , 
2023/4/9, 112, 25, , 
2023/4/10, 82, 32, , 
2023/4/11, 98, , , 
2023/4/16, 29, 5, , 
2023/4/17, 23, 4, , 
2023/4/18, 16, 5, , 
2023/4/19, 19, 6, , 
2023/4/20, 24, 6, , 
2023/4/21, 22, 6, , 
2023/4/22, 20, 4, , 
2023/4/23, 17, 4, , 
2023/4/24, 20, 7, , 
2023/4/25, 20, 13, , 
2023/4/26, 34, 23, , 
2023/4/27, 60, 34, 1, 
2023/4/28, 68, 28, 2, 
2023/4/29, 66, 18, , 
2023/4/30, 52, 19, , 
2023/5/1, 52, 25, , 
2023/5/2, 68, 22, , 
2023/5/3, 64, 22, , 
2023/5/4, 68, 26, , 
2023/5/5, 70, 25, , 
2023/5/6, 61, 18, , 
2023/5/7, 52, 16, , 
2023/5/8, 48, 19, , 
2023/5/9, 49, 18, , 
2023/5/10, 48, 19, 1, 
2023/5/11, 60, 21, , 
2023/5/12, 61, 20, 1, 
2023/5/13, 61, 23, , 
2023/5/14, 71, 7, , 
2023/5/15, 27, 22, , 
2023/5/16, 62, 13, , 
2023/5/17, 41, 11, , 
2023/5/18, 41, 20, , 
2023/5/19, 62, 26, 1, 
2023/5/20, 67, 22, 1, 
2023/5/21, 56, 22, , 
2023/5/22, 53, 22, , 
2023/5/23, 57, 26, , 
2023/5/24, 55, 16, , 
2023/5/25, 46, 19, , 
2023/5/26, 59, , , 
2023/5/28, 49, 15, , 
2023/5/29, 45, 13, , 
2023/5/30, 43, 15, , 
2023/5/31, 49, 23, , 
2023/6/1, 64, 21, , 
2023/6/2, 58, 23, , 
2023/6/3, 54, 18, , 
2023/6/4, 47, 17, , 
2023/6/5, 52, 19, , 
2023/6/6, 58, 8, , 
2023/6/7, 24, 12, , 
2023/6/8, 36, 10, , 
2023/6/9, 33, 14, , 
2023/6/10, 44, 12, , 
2023/6/11, 43, 11, , 
2023/6/12, 30, 14, , 
2023/6/13, 31, 17, , 
2023/6/14, 43, 16, , 
2023/6/15, 49, 17, , 
2023/6/16, 55, 14, , 
2023/6/17, 42, 15, , 
2023/6/18, 44, 18, , 
2023/6/19, 53, 23, , 
2023/6/20, 64, 23, , 
2023/6/21, 61, 25, , 
2023/6/22, 62, 42, , 
2023/6/23, 73, 7, , 
2023/6/24, 19, 10, , 
2023/6/25, 36, 13, , 
2023/6/26, 40, 16, , 
2023/6/27, 48, 11, , 
2023/6/28, 38, 10, , 
2023/6/29, 29, 15, 3, 
2023/6/30, 46, 14, 2, 
2023/1/2, 141, 29, 1, 
2023/1/3, 86, 42, 1, 
2023/1/4, 120, 42, 1, 
2023/1/5, 117, 46, 1, 
2023/1/6, 129, 59, 2, 
2023/1/7, 144, 54, 3, 
2023/1/8, 139, 34, 2, 
2023/1/9, 97, 3, , 
2023/1/10, 13, 21, 1, 
2023/1/11, 58, 42, 1, 
2023/1/12, 116, 53, 4, 
2023/1/13, 143, 49, 2, 
2023/1/14, 133, 55, 2, 
2023/1/15, 146, 37, 2, 
2023/1/16, 107, 22, , 
2023/1/17, 73, 18, , 
2023/1/18, 58, 12, , 
2023/1/19, 48, 18, , 
2023/1/20, 64, 24, , 
2023/1/21, 81, 17, , 
2023/1/22, 65, 24, , 
2023/1/23, 78, 24, 1, 
2023/1/24, 79, 27, 2, 
2023/1/25, 84, 22, 5, 
2023/1/26, 70, , , 
2023/1/31, 104, 47, , 
2023/2/1, 130, 32, , 
2023/2/2, 87, 26, , 
2023/2/3, 81, 10, , 
2023/2/4, 36, 16, , 
2023/2/5, 51, 29, , 
2023/2/6, 88, 46, , 
2023/2/7, 128, 56, , 
2023/2/8, 150, 56, 2, 
2023/2/9, 144, 70, 7, 
2023/2/10, 162, 67, 5, 
2023/2/11, 163, 51, 3, 
2023/2/12, 134, 48, , 
2023/2/13, 131, 48, 1, 
2023/2/14, 130, 53, , 
2023/2/15, 140, 66, 4, 
2023/2/16, 158, 58, , 
2023/2/17, 142, 25, , 
2023/2/18, 81, 24, , 
2023/2/19, 79, 45, , 
2023/2/20, 118, 43, , 
2023/2/21, 118, 50, , 
2023/2/22, 132, 55, 3, 
2023/2/23, 140, 53, 1, 
2023/2/24, 124, 15, , 
2023/2/25, 52, 21, , 
2023/2/26, 71, 39, , 
2023/2/27, 100, 39, , 
2023/2/28, 104, 42, , 
2023/3/1, 121, 47, , 
2023/3/2, 137, 41, , 
2023/3/3, 113, 48, , 
2023/3/4, 132, 46, , 
2023/3/5, 129, 45, 2, 
2023/3/6, 126, 25, , 
2023/3/7, 77, 22, 1, 
2023/3/8, 69, 20, 1, 
2023/3/9, 58, 27, , 
2023/3/10, 85, 23, , 
2023/3/11, 72, 23, , 
2023/3/12, 73, 38, 3, 
2023/3/13, 102, 29, 1, 
2023/3/14, 80, 7, , 
2023/3/15, 24, 24, , 
2023/3/16, 66, 38, , 
2023/3/17, 95, 30, 5, 
2023/3/18, 88, 31, 1, 
2023/3/19, 92, 23, , 
2023/3/20, 75, 24, , 
2023/3/21, 75, 34, , 
2023/3/22, 93, 28, 3, 
2023/3/23, 79, 23, 1, 
2023/3/24, 70, 10, , 
2023/3/25, 39, 17, 4, 
2023/3/26, 57, 9, , 
2023/3/27, 33, 7, 2, 
2023/3/28, 24, 28, 1, 
2023/3/29, 82, 25, , 
2023/3/30, 72, 9, , 
2023/3/31, 32, 8, , 
2022/10/1, 52, 10, , 
2022/10/2, 28, 10, , 
2022/10/3, 29, 12, , 
2022/10/4, 35, 17, , 
2022/10/5, 52, 22, 2, 
2022/10/6, 63, 32, 1, 
2022/10/7, 80, 45, 1, 
2022/10/8, 113, 39, , 
2022/10/9, 101, 33, , 
2022/10/10, 81, 48, , 
2022/10/11, 118, 46, , 
2022/10/12, 101, , , 
2022/10/16, 80, 37, 2, 
2022/10/17, 87, 45, , 
2022/10/18, 102, 33, , 
2022/10/19, 84, 28, , 
2022/10/20, 68, 51, , 
2022/10/21, 109, 39, , 
2022/10/22, 104, 22, , 
2022/10/23, 66, 35, , 
2022/10/24, 90, 28, , 
2022/10/25, 71, 26, , 
2022/10/26, 70, 28, , 
2022/10/27, 81, 37, , 
2022/10/28, 98, 43, , 
2022/10/29, 114, 33, , 
2022/10/30, 94, 50, 3, 
2022/10/31, 118, 46, 2, 
2022/11/1, 118, 49, , 
2022/11/2, 113, 51, 1, 
2022/11/3, 110, 41, , 
2022/11/4, 104, 12, , 
2022/11/5, 44, 14, , 
2022/11/6, 52, 27, , 
2022/11/7, 82, 34, 1, 
2022/11/8, 92, 34, 11, 
2022/11/9, 94, 45, , 
2022/11/10, 118, 35, , 
2022/11/11, 97, 36, , 
2022/11/12, 97, 40, 4, 
2022/11/13, 105, 43, , 
2022/11/14, 120, 26, , 
2022/11/15, 82, 35, , 
2022/11/16, 96, 17, , 
2022/11/17, 60, 22, , 
2022/11/18, 72, 19, , 
2022/11/19, 64, 16, , 
2022/11/20, 58, 27, , 
2022/11/21, 84, 24, , 
2022/11/22, 75, 8, , 
2022/11/23, 33, 26, , 
2022/11/24, 80, 44, , 
2022/11/25, 117, 45, , 
2022/11/26, 127, 41, , 
2022/11/27, 120, 30, 3, 
2022/11/28, 92, 29, 1, 
2022/11/29, 88, 29, , 
2022/11/30, 86, 12, 2, 
2022/12/1, 45, 24, 3, 
2022/12/2, 77, 39, 4, 
2022/12/3, 111, 32, 1, 
2022/12/4, 95, 33, 1, 
2022/12/5, 90, 35, 1, 
2022/12/6, 104, 27, , 
2022/12/7, 83, 27, , 
2022/12/8, 82, 41, 1, 
2022/12/9, 109, 28, , 
2022/12/10, 87, 9, , 
2022/12/11, 39, 28, 1, 
2022/12/12, 85, 52, 1, 
2022/12/13, 140, 40, 2, 
2022/12/14, 113, 55, 2, 
2022/12/15, 151, 43, 1, 
2022/12/16, 117, 24, , 
2022/12/17, 78, 25, , 
2022/12/18, 84, 44, 4, 
2022/12/19, 126, 38, 5, 
2022/12/20, 112, 66, 8, 
2022/12/21, 159, 56, 2, 
2022/12/22, 146, 89, 3, 
2022/12/23, 192, 72, 2, 
2022/12/24, 173, 51, 3, 
2022/12/25, 133, 56, 2, 
2022/12/26, 143, 27, 1, 
2022/12/27, 88, 31, 1, 
2022/12/28, 89, 63, 3, 
2022/12/29, 152, 55, 3, 
2022/12/30, 139, 59, 2, 
2022/12/31, 144, 54, 5, 
2023/1/1, 141, 53, 4, 
2022/7/1, 45, 11, 1, 
2022/7/2, 22, 12, 1, 
2022/7/3, 28, 17, 1, 
2022/7/4, 34, 12, 1, 
2022/7/5, 29, 12, 1, 
2022/7/6, 23, 12, 1, 
2022/7/7, 27, 7, 1, 
2022/7/8, 20, 8, 1, 
2022/7/9, 22, 5, 1, 
2022/7/10, 16, 15, 1, 
2022/7/11, 34, 90, 1, 
2022/7/12, 190, , 1, 
2022/7/18, 17, 13, 1, 
2022/7/19, 21, 17, 1, 
2022/7/20, 24, 17, 4, 
2022/7/21, 31, 20, 1, 
2022/7/22, 37, 22, 2, 
2022/7/23, 47, 14, 1, 
2022/7/24, 33, 12, 1, 
2022/7/25, 33, 18, 4, 
2022/7/26, 38, 15, 1, 
2022/7/27, 35, 15, 1, 
2022/7/28, 38, 17, 1, 
2022/7/29, 37, 11, 1, 
2022/7/30, 35, 7, 1, 
2022/7/31, 18, 11, 1, 
2022/8/1, 27, 10, 1, 
2022/8/2, 27, 10, 1, 
2022/8/3, 23, 12, 1, 
2022/8/4, 26, 14, 4, 
2022/8/5, 32, 21, 1, 
2022/8/6, 39, 10, 1, 
2022/8/7, 24, 17, 1, 
2022/8/8, 29, 8, 1, 
2022/8/9, 33, 10, 1, 
2022/8/10, 37, 6, 1, 
2022/8/11, 17, 3, 1, 
2022/8/12, 6, 2, 1, 
2022/8/13, 7, 2, 1, 
2022/8/14, 8, 3, 2, 
2022/8/15, 9, 2, 1, 
2022/8/16, 6, 2, 1, 
2022/8/17, 6, 5, 1, 
2022/8/18, 10, 5, 2, 
2022/8/19, 12, 2, 1, 
2022/8/20, 8, 2, 1, 
2022/8/21, 5, 1, 1, 
2022/8/22, 3, 1, 1, 
2022/8/23, 4, , 1, 
2022/8/25, 55, 30, 1, 
2022/8/26, 66, 30, 2, 
2022/8/27, 67, 18, 1, 
2022/8/28, 50, 14, 1, 
2022/8/29, 41, 12, 1, 
2022/8/30, 35, 14, 1, 
2022/8/31, 39, 8, 1, 
2022/9/1, 28, 9, 1, 
2022/9/2, 26, 11, 1, 
2022/9/3, 35, 20, 5, 
2022/9/4, 64, 20, 1, 
2022/9/5, 57, 24, 11, 
2022/9/6, 69, 25, 2, 
2022/9/7, 67, 11, 2, 
2022/9/8, 29, 11, 1, 
2022/9/9, 32, 7, 1, 
2022/9/10, 23, 5, 1, 
2022/9/11, 16, 7, 1, 
2022/9/12, 22, 10, 1, 
2022/9/13, 30, 11, 2, 
2022/9/14, 27, 11, 1, 
2022/9/15, 31, 4, 1, 
2022/9/16, 16, 4, 1, 
2022/9/17, 18, 4, 1, 
2022/9/18, 16, 6, 1, 
2022/9/19, 22, 7, 1, 
2022/9/20, 25, 8, 1, 
2022/9/21, 26, 12, 1, 
2022/9/22, 41, 15, 1, 
2022/9/23, 48, 23, 3, 
2022/9/24, 69, 29, 1, 
2022/9/25, 84, 15, , 
2022/9/26, 47, 8, , 
2022/9/27, 29, 9, , 
2022/9/28, 27, 15, , 
2022/9/29, 43, 9, , 
2022/9/30, 24, 17, , 
2022/4/1, 38, 14, 1, 
2022/4/2, 53, 22, , 
2022/4/3, 69, 34, 3, 
2022/4/4, 90, 27, 1, 
2022/4/5, 73, 29, 5, 
2022/4/6, 78, 13, , 
2022/4/7, 40, 10, 1, 
2022/4/8, 33, 13, 1, 
2022/4/9, 33, 5, , 
2022/4/10, 21, 14, , 
2022/4/11, 43, 17, 1, 
2022/4/12, 50, 22, 2, 
2022/4/13, 52, 28, 1, 
2022/4/14, 61, 25, 2, 
2022/4/15, 57, 9, , 
2022/4/16, 32, 12, , 
2022/4/17, 29, 13, , 
2022/4/18, 43, 18, , 
2022/4/19, 60, 17, , 
2022/4/20, 59, 27, 3, 
2022/4/21, 76, 17, 1, 
2022/4/22, 53, 16, 1, 
2022/4/23, 52, 18, 1, 
2022/4/24, 50, 7, , 
2022/4/25, 22, 9, 1, 
2022/4/26, 31, 12, 1, 
2022/4/27, 44, 16, 1, 
2022/4/28, 56, 21, 1, 
2022/4/29, 56, 15, 2, 
2022/4/30, 48, 12, 2, 
2022/5/1, 39, 14, 1, 
2022/5/2, 35, 16, 1, 
2022/5/3, 41, 19, 3, 
2022/5/4, 47, 19, 2, 
2022/5/5, 50, 19, 1, 
2022/5/6, 56, 15, 1, 
2022/5/7, 51, 17, 3, 
2022/5/8, 48, 14, 1, 
2022/5/9, 40, 14, , 
2022/5/10, 43, 16, , 
2022/5/11, 44, 17, , 
2022/5/12, 44, 18, 1, 
2022/5/13, 47, 13, 1, 
2022/5/14, 34, 11, 1, 
2022/5/15, 32, 13, 2, 
2022/5/16, 35, 13, 1, 
2022/5/17, 36, 19, 1, 
2022/5/18, 30, 10, 4, 
2022/5/19, 21, 6, 2, 
2022/5/20, 17, 14, 1, 
2022/5/21, 34, 9, 1, 
2022/5/22, 21, 23, 1, 
2022/5/23, 30, 23, 3, 
2022/5/24, 43, 23, 1, 
2022/5/25, 45, 9, 1, 
2022/5/26, 17, 16, 3, 
2022/5/27, 30, 10, 1, 
2022/5/28, 27, 7, 1, 
2022/5/29, 20, 10, 1, 
2022/5/30, 35, 17, 1, 
2022/5/31, 57, 20, 1, 
2022/6/1, 54, 17, 1, 
2022/6/2, 43, 9, , 
2022/6/3, 24, , , 
2022/6/5, 40, 11, 1, 
2022/6/6, 32, 15, 1, 
2022/6/7, 43, 7, 1, 
2022/6/8, 21, 7, 1, 
2022/6/9, 23, 10, 1, 
2022/6/10, 29, 11, 1, 
2022/6/11, 29, 9, 1, 
2022/6/12, 26, 9, 1, 
2022/6/13, 27, 8, 1, 
2022/6/14, 20, 15, 1, 
2022/6/15, 34, 12, 2, 
2022/6/16, 31, 12, 1, 
2022/6/17, 34, 10, 1, 
2022/6/18, 29, 11, 4, 
2022/6/19, 29, 13, 1, 
2022/6/20, 36, 18, 1, 
2022/6/21, 42, 14, 1, 
2022/6/22, 27, 13, 1, 
2022/6/23, 33, 16, 4, 
2022/6/24, 34, 17, 1, 
2022/6/25, 43, 10, 1, 
2022/6/26, 25, 15, 7, 
2022/6/27, 38, 21, 4, 
2022/6/28, 39, 25, 4, 
2022/6/29, 41, 19, 1, 
2022/6/30, 45, 19, 1, 
2022/1/3, 164, 50, 2, 
2022/1/4, 123, 20, 1, 
2022/1/5, 59, 15, , 
2022/1/6, 53, 38, 1, 
2022/1/7, 114, 29, 1, 
2022/1/8, 91, 49, 2, 
2022/1/9, 137, 32, 1, 
2022/1/10, 99, 31, , 
2022/1/11, 94, 23, 1, 
2022/1/12, 74, 44, 1, 
2022/1/13, 126, 45, 3, 
2022/1/14, 122, 51, 2, 
2022/1/15, 133, 70, 8, 
2022/1/16, 166, 62, 6, 
2022/1/17, 156, 24, 2, 
2022/1/18, 60, 50, 3, 
2022/1/19, 133, 53, 2, 
2022/1/20, 136, 19, , 
2022/1/21, 61, 20, 1, 
2022/1/22, 68, 21, 1, 
2022/1/23, 71, 52, , 
2022/1/24, 137, , , 
2022/1/26, 123, 60, 4, 
2022/1/27, 153, 57, 2, 
2022/1/28, 145, 19, 1, 
2022/1/29, 57, 27, 1, 
2022/1/30, 84, 35, 3, 
2022/1/31, 96, 34, 1, 
2022/2/1, 95, 31, 2, 
2022/2/2, 92, 23, 1, 
2022/2/3, 57, 51, 5, 
2022/2/4, 126, 55, 2, 
2022/2/5, 136, 31, 3, 
2022/2/6, 92, 9, 1, 
2022/2/7, 36, , , 
2022/2/14, 166, 54, 1, 
2022/2/15, 144, 24, , 
2022/2/16, 74, 34, 1, 
2022/2/17, 91, 28, 3, 
2022/2/18, 75, 36, 1, 
2022/2/19, 96, 10, 1, 
2022/2/20, 39, 17, 3, 
2022/2/21, 58, 10, 1, 
2022/2/22, 34, 32, 2, 
2022/2/23, 91, 38, 10, 
2022/2/24, 99, 29, 3, 
2022/2/25, 78, 11, 1, 
2022/2/26, 42, 14, 1, 
2022/2/27, 53, 21, 1, 
2022/2/28, 70, 22, 1, 
2022/3/1, 70, 35, 2, 
2022/3/2, 99, 44, 3, 
2022/3/3, 116, 44, 5, 
2022/3/4, 117, 30, 1, 
2022/3/5, 88, 21, 1, 
2022/3/6, 68, 27, 1, 
2022/3/7, 83, 32, 2, 
2022/3/8, 90, 42, 2, 
2022/3/9, 114, 25, 1, 
2022/3/10, 65, 25, , 
2022/3/11, 74, 43, 1, 
2022/3/12, 114, 44, 8, 
2022/3/13, 117, 46, 11, 
2022/3/14, 120, 51, 4, 
2022/3/15, 126, 30, 1, 
2022/3/16, 73, 36, 1, 
2022/3/17, 96, 30, 1, 
2022/3/18, 85, 44, 1, 
2022/3/19, 116, 21, 1, 
2022/3/20, 66, 40, 2, 
2022/3/21, 97, 55, 4, 
2022/3/22, 127, 58, 4, 
2022/3/23, 127, 50, 2, 
2022/3/24, 118, 47, 1, 
2022/3/25, 105, 45, 3, 
2022/3/26, 108, 43, 2, 
2022/3/27, 100, 40, 3, 
2022/3/28, 81, 45, 4, 
2022/3/29, 114, 51, 3, 
2022/3/30, 100, 32, 4, 
2022/3/31, 75, 11, 2, 
2021/10/1, 67, 35, 5, 
2021/10/2, 88, 30, 3, 
2021/10/3, 80, 23, 4, 
2021/10/4, 54, 34, 4, 
2021/10/5, 72, 32, 1, 
2021/10/6, 75, 19, 1, 
2021/10/7, 57, 19, 1, 
2021/10/8, 55, 9, 2, 
2021/10/9, 34, 15, 1, 
2021/10/10, 49, 19, 1, 
2021/10/11, 65, 27, 1, 
2021/10/12, 79, 22, , 
2021/10/13, 65, 24, 1, 
2021/10/14, 73, 26, , 
2021/10/15, 75, 28, , 
2021/10/16, 84, 33, , 
2021/10/17, 92, 35, , 
2021/10/18, 94, 38, 1, 
2021/10/19, 99, 50, 8, 
2021/10/20, 126, 45, 1, 
2021/10/21, 115, 33, , 
2021/10/22, 94, 26, , 
2021/10/23, 76, 26, , 
2021/10/24, 75, 35, 1, 
2021/10/25, 94, 48, 1, 
2021/10/26, 122, 47, 1, 
2021/10/27, 123, 51, 1, 
2021/10/28, 131, 61, , 
2021/10/29, 148, 71, , 
2021/10/30, 160, 68, 3, 
2021/10/31, 163, 60, , 
2021/11/1, 154, 38, , 
2021/11/2, 110, 31, , 
2021/11/3, 88, 21, , 
2021/11/4, 64, 15, 1, 
2021/11/5, 52, 22, 1, 
2021/11/6, 72, 23, 1, 
2021/11/7, 76, 30, 1, 
2021/11/8, 92, 32, 1, 
2021/11/9, 92, 27, 2, 
2021/11/10, 83, 32, 2, 
2021/11/11, 94, 21, 5, 
2021/11/12, 71, 38, 9, 
2021/11/13, 108, 56, 2, 
2021/11/14, 149, 57, 1, 
2021/11/15, 145, 35, 3, 
2021/11/16, 102, 50, 2, 
2021/11/17, 137, 47, 1, 
2021/11/18, 123, 39, 1, 
2021/11/19, 107, 48, 1, 
2021/11/20, 127, 65, 4, 
2021/11/21, 154, 54, 1, 
2021/11/22, 139, 35, 1, 
2021/11/23, 103, 43, 4, 
2021/11/24, 120, 53, 2, 
2021/11/25, 144, 40, 1, 
2021/11/26, 112, 31, 1, 
2021/11/27, 93, 25, 1, 
2021/11/28, 79, 14, 1, 
2021/11/29, 54, 14, 1, 
2021/11/30, 54, 18, 1, 
2021/12/1, 55, 42, 2, 
2021/12/2, 111, 30, , 
2021/12/3, 70, 53, 3, 
2021/12/4, 138, 44, 1, 
2021/12/5, 128, 16, , 
2021/12/6, 61, 23, , 
2021/12/7, 76, 40, 3, 
2021/12/8, 97, 33, 1, 
2021/12/9, 99, 32, , 
2021/12/10, 91, 21, 1, 
2021/12/11, 73, 10, 1, 
2021/12/12, 43, 16, , 
2021/12/13, 61, 43, , 
2021/12/14, 120, 40, , 
2021/12/15, 115, 37, , 
2021/12/16, 104, 18, , 
2021/12/17, 60, 20, , 
2021/12/18, 67, 25, , 
2021/12/19, 78, 25, , 
2021/12/20, 74, 32, , 
2021/12/21, 90, 39, 1, 
2021/12/22, 106, 70, 1, 
2021/12/23, 168, 39, 2, 
2021/12/24, 101, 46, 1, 
2021/12/25, 116, 12, , 
2021/12/26, 47, 14, , 
2021/12/27, 55, 35, , 
2021/12/28, 99, 39, 1, 
2021/12/29, 115, 37, , 
2021/12/30, 102, 64, 1, 
2021/12/31, 152, 56, , 
2022/1/1, 140, 72, , 
2022/1/2, 163, 68, 1, 
2021/7/18, 33, 11, 1, 
2021/7/19, 38, 15, 1, 
2021/7/20, 42, 15, 1, 
2021/7/21, 42, 17, 1, 
2021/7/22, 45, 18, 1, 
2021/7/23, 49, 20, 2, 
2021/7/24, 50, 25, 2, 
2021/7/25, 64, 35, 1, 
2021/7/26, 80, 29, , 
2021/7/27, 64, 27, , 
2021/7/28, 56, 20, 1, 
2021/7/29, 40, 20, 1, 
2021/7/30, 43, 18, 1, 
2021/7/31, 44, 17, 2, 
2021/8/1, 44, 8, 1, 
2021/8/2, 20, 13, 2, 
2021/8/3, 33, 13, 1, 
2021/8/4, 35, 11, 1, 
2021/8/5, 30, 6, 1, 
2021/8/6, 18, 9, 3, 
2021/8/7, 24, 13, 2, 
2021/8/8, 34, 11, 1, 
2021/8/9, 25, 15, 1, 
2021/8/10, 36, 15, 1, 
2021/8/11, 33, 14, 1, 
2021/8/12, 30, 18, 3, 
2021/8/13, 37, 20, 5, 
2021/8/14, 48, 21, 3, 
2021/8/15, 50, 26, 1, 
2021/8/16, 52, 13, 1, 
2021/8/17, 22, 13, 1, 
2021/8/18, 19, 13, , 
2021/8/19, 23, 12, 1, 
2021/8/20, 23, 13, 1, 
2021/8/21, 33, 12, 4, 
2021/8/22, 33, 13, 1, 
2021/8/23, 32, 6, , 
2021/8/24, 19, 7, 1, 
2021/8/25, 27, 16, 2, 
2021/8/26, 53, 6, 1, 
2021/8/27, 20, 11, 1, 
2021/8/28, 38, 10, 1, 
2021/8/29, 34, 8, 1, 
2021/8/30, 25, 9, , 
2021/8/31, 30, 10, , 
2021/9/1, 30, 11, , 
2021/9/2, 34, 16, , 
2021/9/3, 43, 16, 2, 
2021/9/4, 46, 14, 1, 
2021/9/5, 39, 18, 1, 
2021/9/6, 37, 23, 1, 
2021/9/7, 48, 26, 2, 
2021/9/8, 41, 30, 3, 
2021/9/9, 44, 21, 1, 
2021/9/10, 45, 20, 1, 
2021/9/11, 49, 21, 1, 
2021/9/12, 51, 24, 1, 
2021/9/13, 55, 22, 1, 
2021/9/14, 53, 26, 1, 
2021/9/15, 58, 34, , 
2021/9/16, 71, 22, 1, 
2021/9/17, 53, 9, , 
2021/9/18, 29, 10, 1, 
2021/9/19, 31, 8, , 
2021/9/20, 29, 12, 1, 
2021/9/21, 40, 15, , 
2021/9/22, 50, 14, 1, 
2021/9/23, 45, 18, 1, 
2021/9/24, 53, 23, 1, 
2021/9/25, 61, 25, 2, 
2021/9/26, 60, 22, 1, 
2021/9/27, 56, 17, , 
2021/9/28, 58, 25, 6, 
2021/9/29, 70, 13, 2, 
2021/9/30, 43, 25, 3, 
2021/4/25, 56, 20, , 
2021/4/26, 54, 20, , 
2021/4/27, 67, 29, , 
2021/4/28, 86, 28, 3, 
2021/4/29, 76, 16, , 
2021/4/30, 40, 21, , 
2021/5/1, 52, 12, , 
2021/5/2, 29, 10, , 
2021/5/3, 29, 15, 1, 
2021/5/4, 44, 7, , 
2021/5/5, 15, 13, , 
2021/5/6, 35, 14, , 
2021/5/7, 41, 10, , 
2021/5/8, 28, 10, , 
2021/5/9, 32, 14, 1, 
2021/5/10, 33, 18, , 
2021/5/11, 40, 11, , 
2021/5/12, 31, 7, , 
2021/5/13, 21, 6, , 
2021/5/14, 17, , , 
2021/5/16, 31, 6, , 
2021/5/17, 20, 6, , 
2021/5/18, 16, 7, , 
2021/5/19, 23, 6, , 
2021/5/20, 24, 9, , 
2021/5/21, 27, 21, 3, 
2021/5/22, 50, 11, , 
2021/5/23, 29, 7, 4, 
2021/5/24, 17, 11, , 
2021/5/25, 31, 6, , 
2021/5/26, 15, 13, , 
2021/5/27, 25, 6, , 
2021/5/28, 16, 9, , 
2021/5/29, 29, 8, , 
2021/5/30, 28, 8, , 
2021/5/31, 26, 12, , 
2021/6/1, 33, 15, , 
2021/6/2, 40, 15, 1, 
2021/6/3, 39, 18, 1, 
2021/6/4, 42, 20, 2, 
2021/6/5, 47, 22, , 
2021/6/6, 63, 21, , 
2021/6/7, 52, 19, , 
2021/6/8, 51, 19, , 
2021/6/9, 53, 19, , 
2021/6/10, 53, 14, , 
2021/6/11, 37, 11, , 
2021/6/12, 34, 13, , 
2021/6/13, 32, 11, , 
2021/6/14, 29, 13, , 
2021/6/15, 36, 15, , 
2021/6/16, 37, 17, , 
2021/6/17, 41, 20, , 
2021/6/18, 42, 16, , 
2021/6/19, 43, 17, , 
2021/6/20, 44, 39, , 
2021/6/21, 70, 57, , 
2021/6/22, 88, 40, , 
2021/6/23, 62, 55, , 
2021/6/24, 79, 47, , 
2021/6/25, 80, 13, , 
2021/6/26, 35, 10, , 
2021/6/27, 26, 19, 4, 
2021/6/28, 35, 24, 1, 
2021/6/29, 48, 23, , 
2021/6/30, 58, , , 
2021/2/23, 147, 55, 1, 
2021/2/24, 143, 61, 1, 
2021/2/25, 154, 69, 12, 
2021/2/26, 154, 78, 7, 
2021/3/4, 106, 55, 4, 
2021/3/5, 93, 37, , 
2021/3/6, 69, 21, , 
2021/3/7, 120, 44, 4, 
2021/3/8, 115, 44, 1, 
2021/3/9, 72, 26, , 
2021/3/10, 84, 31, , 
2021/3/11, 122, 49, , 
2021/3/12, 111, 44, 1, 
2021/3/13, 71, 21, , 
2021/3/15, 41, 12, , 
2021/3/16, 37, 10, 1, 
2021/3/17, 52, 15, , 
2021/3/18, 69, 19, , 
2021/3/19, 90, 30, , 
2021/3/20, 102, 34, , 
2021/3/21, 65, 19, , 
2021/3/22, 77, 25, , 
2021/3/23, 50, 14, , 
2021/3/24, 64, 20, , 
2021/3/25, 101, 36, , 
2024/9/7, , 41, 2, 
2023/12/31, , 39, 2, 
2023/12/16, , 39, 3, 
2023/7/23, , 20, , 
2023/7/29, , 13, , 
2023/8/6, , 5, , 
2023/4/15, , 7, , 
2023/5/27, , 18, , 
2023/1/30, , 37, , 
2022/10/15, , 30, , 
2022/7/17, , 14, 1, 
2022/8/24, , 20, 3, 
2022/6/4, , 14, 2, 
2022/1/25, , 44, 4, 
2022/2/13, , 72, 2, 
2021/7/17, , 11, 1, 
2021/4/24, , 21, , 
2021/5/15, , 10, , 
2021/1/4, , 62, 3, 
2021/1/5, , 32, 1, 
2021/1/6, , 36, 1, 
2021/1/7, , 37, 1, 
2021/1/8, , 22, , 
2021/1/9, , 37, , 
2021/1/10, , 35, , 
2021/1/11, , 33, , 
2021/1/12, , 45, , 
2021/1/13, , 50, , 
2021/1/14, , 36, 2, 
2021/1/15, , 38, 2, 
2021/1/16, , 28, , 
2021/1/17, , 25, , 
2021/1/18, , 39, 4, 
2021/1/19, , 55, 5, 
2021/1/20, , 37, 3, 
2021/1/21, , 46, 5, 
2021/1/22, , 51, 2, 
2021/1/23, , 24, 2, 
2021/1/24, , 20, 2, 
2021/1/25, , 17, , 
2021/1/26, , 25, , 
2021/1/27, , 30, , 
2021/1/28, , 57, 3, 
2021/1/29, , 25, 2, 
2021/1/30, , 43, 1, 
2021/1/31, , 22, , 
2021/2/1, , 26, , 
2021/2/2, , 43, 3, 
2021/2/3, , 53, 6, 
2021/2/4, , 30, 2, 
2021/2/5, , 81, 5, 
2021/2/6, , 100, 4, 
2021/2/7, , 85, 2, 
2021/2/8, , 17, , 
2021/2/9, , 40, , 
2021/2/10, , 32, , 
2021/2/11, , 17, , 
2021/2/12, , 14, , 
2021/2/13, , 28, , 
2021/2/14, , 33, 1, 
2021/2/15, , 36, 3, 
2021/2/16, , 56, 11, 
2021/2/17, , 67, 5, 
2021/2/18, , 45, , 
2021/2/19, , 58, 6, 
2021/2/20, , 46, 1, 
2021/2/21, , 54, 3, 
2021/2/22, , 57, 2, 
2021/2/27, , 42, , 
2021/2/28, , 26, , 
2021/3/1, , 42, 1, 
2021/3/2, , 43, 3, 
2021/3/3, , 56, 13, 
2020/10/1, , 14, 1, 
2020/10/2, , 22, 1, 
2020/10/3, , 21, , 
2020/10/4, , 9, , 
2020/10/5, , 14, , 
2020/10/6, , 9, , 
2020/10/7, , 9, , 
2020/10/8, , 10, , 
2020/10/9, , 18, 13, 
2020/10/10, , 30, , 
2020/10/11, , 30, , 
2020/10/12, , 8, , 
2020/10/13, , 9, , 
2020/10/14, , 25, , 
2020/10/15, , 28, , 
2020/10/16, , 13, , 
2020/10/17, , 20, , 
2020/10/18, , 32, 1, 
2020/10/19, , 28, 5, 
2020/10/20, , 38, 6, 
2020/10/21, , 47, , 
2020/10/22, , 44, 1, 
2020/10/23, , 37, , 
2020/10/25, , 35, 1, 
2020/10/26, , 37, 1, 
2020/10/27, , 31, , 
2020/10/28, , 26, , 
2020/10/29, , 38, , 
2020/10/30, , 33, , 
2020/10/31, , 31, , 
2020/11/1, , 19, 2, 
2020/11/2, , 46, , 
2020/11/3, , 50, , 
2020/11/4, , 37, , 
2020/11/5, , 16, , 
2020/11/6, , 31, 1, 
2020/11/7, , 43, 1, 
2020/11/8, , 40, 3, 
2020/11/9, , 32, 5, 
2020/11/10, , 35, 8, 
2020/11/11, , 39, 19, 
2020/11/12, , 44, 6, 
2020/11/13, , 50, 8, 
2020/11/14, , 33, 11, 
2020/11/15, , 41, 4, 
2020/11/16, , 50, , 
2020/11/17, , 28, , 
2020/11/18, , 29, 10, 
2020/11/19, , 34, 2, 
2020/11/20, , 18, , 
2020/11/21, , 24, 1, 
2020/11/22, , 34, 2, 
2020/11/23, , 61, 1, 
2020/11/24, , 60, 2, 
2020/11/25, , 49, 16, 
2020/11/26, , 48, 5, 
2020/11/27, , 38, 1, 
2020/11/28, , 26, , 
2020/11/29, , 29, 1, 
2020/11/30, , 49, 1, 
2020/12/1, , 48, 1, 
2020/12/2, , 45, 1, 
2020/12/3, , 37, 1, 
2020/12/4, , 48, 1, 
2020/12/5, , 51, 2, 
2020/12/6, , 27, 1, 
2020/12/8, , 28, 1, 
2020/12/9, , 19, , 
2020/12/10, , 19, 1, 
2020/12/11, , 33, 4, 
2020/12/12, , 32, 1, 
2020/12/13, , 30, , 
2020/12/14, , 36, 3, 
2020/12/15, , 42, 29, 
2020/12/16, , 49, 11, 
2020/12/17, , 57, 2, 
2020/12/18, , 38, , 
2020/12/19, , 23, 22, 
2020/12/20, , 39, 11, 
2020/12/21, , 50, 8, 
2020/12/22, , 47, 2, 
2020/12/23, , 57, 3, 
2020/12/24, , 79, , 
2020/12/25, , 14, , 
2020/12/26, , 12, , 
2020/12/30, , 54, 1, 
2020/12/31, , 22, 3, 
2021/1/1, , 58, 3, 
2021/1/2, , 39, 3, 
2021/1/3, , 51, , 
2020/7/1, , 16, 1, 
2020/7/2, , 17, , 
2020/7/3, , 11, , 
2020/7/4, , 8, , 
2020/7/5, , 10, , 
2020/7/6, , 14, , 
2020/7/7, , 11, , 
2020/7/8, , 11, 6, 
2020/7/9, , 18, 5, 
2020/7/10, , 24, , 
2020/7/11, , 18, , 
2020/7/12, , 5, , 
2020/7/13, , 12, , 
2020/7/14, , 12, , 
2020/7/15, , 14, , 
2020/7/16, , 18, , 
2020/7/17, , 8, , 
2020/7/18, , 9, , 
2020/7/19, , 10, , 
2020/7/20, , 13, , 
2020/7/21, , 14, , 
2020/7/22, , 18, , 
2020/7/23, , 21, , 
2020/7/24, , 19, , 
2020/7/25, , 10, , 
2020/7/26, , 15, , 
2020/7/27, , 14, 2, 
2020/7/28, , 13, 1, 
2020/7/29, , 17, 1, 
2020/7/30, , 28, 1, 
2020/7/31, , 37, , 
2020/8/1, , 24, , 
2020/8/2, , 18, 1, 
2020/8/3, , 22, , 
2020/8/4, , 16, , 
2020/8/5, , 6, , 
2020/8/6, , 17, , 
2020/8/7, , 19, , 
2020/8/8, , 16, , 
2020/8/9, , 23, , 
2020/8/10, , 23, , 
2020/8/11, , 21, , 
2020/8/12, , 13, , 
2020/8/13, , 22, , 
2020/8/14, , 22, , 
2020/8/15, , 11, , 
2020/8/16, , 15, 1, 
2020/8/17, , 26, , 
2020/8/18, , 10, , 
2020/8/19, , 10, , 
2020/8/20, , 10, 1, 
2020/8/21, , 17, 3, 
2020/8/22, , 20, , 
2020/8/23, , 15, , 
2020/8/24, , 12, , 
2020/8/25, , 8, 3, 
2020/8/26, , 14, , 
2020/8/27, , 17, 2, 
2020/8/28, , 26, 2, 
2020/8/29, , 23, 3, 
2020/8/30, , 16, , 
2020/8/31, , 13, , 
2020/9/1, , 3, , 
2020/9/2, , 9, , 
2020/9/3, , 12, , 
2020/9/4, , 13, , 
2020/9/5, , 17, , 
2020/9/6, , 20, , 
2020/9/7, , 15, , 
2020/9/8, , 16, , 
2020/9/9, , 26, , 
2020/9/10, , 27, , 
2020/9/11, , 30, , 
2020/9/12, , 35, , 
2020/9/13, , 33, , 
2020/9/14, , 31, 1, 
2020/9/15, , 33, 1, 
2020/9/16, , 35, , 
2020/9/18, , 20, , 
2020/9/28, , 12, , 
2020/9/29, , 14, , 
2020/9/30, , 10, , 
2020/4/1, , 17, 3, 
2020/4/2, , 35, 2, 
2020/4/3, , 32, , 
2020/4/4, , 25, , 
2020/4/5, , 13, 1, 
2020/4/6, , 15, 1, 
2020/4/7, , 9, 2, 
2020/4/8, , 24, 4, 
2020/4/9, , 33, 1, 
2020/4/10, , 26, , 
2020/4/30, , 9, , 
2020/5/1, , 12, , 
2020/5/2, , 11, , 
2020/5/3, , 19, , 
2020/5/8, , 14, , 
2020/5/9, , 17, , 
2020/5/10, , 15, 2, 
2020/5/11, , 22, , 
2020/5/12, , 12, 4, 
2020/5/13, , 18, 1, 
2020/5/14, , 23, 1, 
2020/5/15, , 24, 1, 
2020/5/16, , 19, 3, 
2020/5/17, , 27, 1, 
2020/5/18, , 22, 2, 
2020/5/19, , 27, 1, 
2020/5/20, , 24, , 
2020/5/21, , 16, , 
2020/5/22, , 16, , 
2020/5/23, , 18, , 
2020/5/24, , 12, , 
2020/5/25, , 10, , 
2020/5/26, , 7, , 
2020/5/27, , 12, , 
2020/5/28, , 13, , 
2020/5/29, , 11, , 
2020/5/30, , 11, , 
2020/5/31, , 8, , 
2020/6/1, , 9, , 
2020/6/2, , 11, , 
2020/6/3, , 6, , 
2020/6/4, , 8, , 
2020/6/5, , 10, 1, 
2020/6/6, , 10, 1, 
2020/6/7, , 20, , 
2020/6/8, , 10, , 
2020/6/9, , 11, , 
2020/6/10, , 8, , 
2020/6/11, , 7, , 
2020/6/12, , 7, , 
2020/6/13, , 9, , 
2020/6/14, , 11, , 
2020/6/15, , 8, , 
2020/6/16, , 11, , 
2020/6/17, , 15, , 
2020/6/18, , 11, , 
2020/6/19, , 7, , 
2020/6/20, , 7, , 
2020/6/21, , 5, , 
2020/6/22, , 11, , 
2020/6/23, , 13, , 
2020/6/24, , 9, 2, 
2020/6/25, , 16, 1, 
2020/6/26, , 26, , 
2020/6/27, , 23, 1, 
2020/6/28, , 21, , 
2020/6/29, , 25, , 
2020/6/30, , 9, 5, 
2020/1/1, , 61, 1, 
2020/1/2, , 58, 6, 
2020/1/3, , 78, , 
2020/1/5, , 10, 2, 
2020/1/6, , 32, 9, 
2020/1/7, , 62, 4, 
2020/1/8, , 63, 13, 
2020/1/9, , 76, 7, 
2020/1/10, , 78, 2, 
2020/1/11, , 107, 1, 
2020/1/12, , 52, 1, 
2020/1/13, , 15, 8, 
2020/1/14, , 25, 4, 
2020/1/15, , 27, 2, 
2020/1/16, , 33, 2, 
2020/1/17, , 17, 5, 
2020/1/18, , 21, 4, 
2020/1/19, , 30, 4, 
2020/1/28, , 7, 2, 
2020/1/29, , 21, 2, 
2020/1/30, , 38, 1, 
2020/1/31, , 30, 2, 
2020/2/1, , 10, 1, 
2020/2/2, , 12, 1, 
2020/2/3, , 24, 1, 
2020/2/4, , 22, , 
2020/2/5, , 4, , 
2020/2/6, , 8, , 
2020/2/7, , 15, , 
2020/2/8, , 15, 5, 
2020/2/9, , 44, 1, 
2020/2/10, , 19, , 
2020/2/11, , 11, 2, 
2020/2/12, , 19, 4, 
2020/2/13, , 36, , 
2020/2/14, , 24, , 
2020/2/15, , 26, 4, 
2020/2/16, , 35, 3, 
2020/2/17, , 53, , 
2020/2/18, , 32, 1, 
2020/2/19, , 20, , 
2020/2/20, , 14, 2, 
2020/2/21, , 25, 1, 
2020/2/22, , 22, 4, 
2020/2/23, , 37, , 
2020/2/24, , 16, 3, 
2020/2/25, , 43, , 
2020/2/26, , 26, , 
2020/2/27, , 7, 1, 
2020/2/28, , 7, 8, 
2020/2/29, , 25, 4, 
2020/3/1, , 24, 1, 
2020/3/2, , 10, , 
2020/3/3, , 20, , 
2020/3/4, , 17, 1, 
2020/3/5, , 22, 2, 
2020/3/6, , 22, , 
2020/3/7, , 18, , 
2020/3/8, , 13, , 
2020/3/9, , 26, , 
2020/3/10, , 33, 2, 
2020/3/11, , 27, 2, 
2020/3/12, , 24, , 
2020/3/13, , 15, , 
2020/3/14, , 10, , 
2020/3/15, , 8, 3, 
2020/3/16, , 27, 1, 
2020/3/17, , 32, 1, 
2020/3/18, , 32, 6, 
2020/3/19, , 30, 9, 
2020/3/20, , 34, 2, 
2020/3/21, , 31, , 
2020/3/22, , 8, 1, 
2020/3/23, , 8, 1, 
2020/3/24, , 9, 2, 
2020/3/25, , 13, 2, 
2020/3/26, , 13, 3, 
2020/3/27, , 20, 8, 
2020/3/28, , 36, 2, 
2020/3/29, , 30, , 
2020/3/30, , 9, , 
2020/3/31, , 7, 1, 
2019/10/1, , 7, 2, 
2019/10/2, , 13, , 
2019/10/3, , 5, , 
2019/10/4, , 6, 1, 
2019/10/5, , 16, , 
2019/10/7, , 11, 4, 
2019/10/8, , 13, 3, 
2019/10/9, , 33, , 
2019/10/10, , 17, 1, 
2019/10/11, , 9, 1, 
2019/10/12, , 19, , 
2019/10/13, , 52, 6, 
2019/10/14, , 34, 1, 
2019/10/15, , 24, 3, 
2019/10/16, , 23, 1, 
2019/10/17, , 21, 1, 
2019/10/18, , 21, 1, 
2019/10/19, , 20, 3, 
2019/10/20, , 20, 2, 
2019/10/21, , 23, 16, 
2019/10/22, , 29, 8, 
2019/10/23, , 44, 4, 
2019/10/24, , 44, 1, 
2019/10/25, , 34, , 
2019/10/27, , 42, 1, 
2019/10/28, , 32, , 
2019/10/29, , 12, , 
2019/10/30, , 11, , 
2019/10/31, , 10, 2, 
2019/11/1, , 16, 1, 
2019/11/2, , 28, 1, 
2019/11/3, , 26, 1, 
2019/11/4, , 16, 1, 
2019/11/5, , 13, 1, 
2019/11/6, , 8, 1, 
2019/11/7, , 12, 3, 
2019/11/8, , 20, 1, 
2019/11/9, , 21, , 
2019/11/10, , 8, 5, 
2019/11/11, , 15, 5, 
2019/11/12, , 19, 2, 
2019/11/13, , 9, , 
2019/11/14, , 11, 5, 
2019/11/15, , 21, 1, 
2019/11/16, , 22, 1, 
2019/11/17, , 22, 1, 
2019/11/18, , 16, 3, 
2019/11/19, , 39, 2, 
2019/11/20, , 32, 2, 
2019/11/21, , 32, 1, 
2019/11/22, , 28, 2, 
2019/11/23, , 14, 2, 
2019/11/24, , 19, 1, 
2019/11/25, , 25, 13, 
2019/11/26, , 31, 11, 
2019/11/27, , 39, 3, 
2019/11/28, , 47, 1, 
2019/11/29, , 38, , 
2019/11/30, , 20, 5, 
2019/12/1, , 28, 3, 
2019/12/2, , 21, 2, 
2019/12/3, , 24, 5, 
2019/12/4, , 21, 10, 
2019/12/5, , 26, 14, 
2019/12/6, , 40, 6, 
2019/12/7, , 76, 5, 
2019/12/8, , 36, 2, 
2019/12/9, , 62, , 
2019/12/10, , 26, , 
2019/12/11, , 12, 3, 
2019/12/12, , 27, 4, 
2019/12/13, , 30, 1, 
2019/12/14, , 30, 4, 
2019/12/15, , 69, 5, 
2019/12/16, , 82, 4, 
2019/12/17, , 92, , 
2019/12/18, , 105, 5, 
2019/12/19, , 72, 4, 
2019/12/20, , 78, 2, 
2019/12/21, , 39, 1, 
2019/12/22, , 23, , 
2019/12/23, , 10, , 
2019/12/24, , 19, 2, 
2019/12/25, , 47, , 
2019/12/26, , 18, 1, 
2019/12/27, , 28, , 
2019/12/28, , 7, , 
2019/7/1, , 16, 2, 
2019/7/2, , 12, , 
2019/7/3, , 8, , 
2019/7/4, , 8, , 
2019/7/5, , 12, 3, 
2019/7/6, , 21, 3, 
2019/7/7, , 12, , 
2019/7/8, , 5, 3, 
2019/7/9, , 6, 1, 
2019/7/10, , 10, , 
2019/7/11, , 4, 1, 
2019/7/12, , 8, 4, 
2019/7/13, , 10, , 
2019/7/14, , 4, , 
2019/7/15, , 7, , 
2019/7/16, , 8, 3, 
2019/7/17, , 9, 2, 
2019/7/18, , 11, 2, 
2019/7/19, , 9, 2, 
2019/7/20, , 12, 1, 
2019/7/21, , 14, , 
2019/7/22, , 7, , 
2019/7/23, , 14, , 
2019/7/24, , 6, 2, 
2019/7/25, , 8, 5, 
2019/7/26, , 13, 1, 
2019/7/27, , 12, , 
2019/7/28, , 9, 2, 
2019/7/29, , 8, , 
2019/7/30, , 9, , 
2019/7/31, , 9, , 
2019/8/1, , 8, , 
2019/8/2, , 9, , 
2019/8/3, , 6, , 
2019/8/4, , 5, , 
2019/8/5, , 7, 2, 
2019/8/6, , 10, 1, 
2019/8/7, , 10, , 
2019/8/8, , 8, , 
2019/8/9, , 7, 8, 
2019/8/10, , 23, 1, 
2019/8/11, , 15, , 
2019/8/12, , 15, , 
2019/8/13, , 12, , 
2019/8/14, , 4, , 
2019/8/15, , 4, , 
2019/8/16, , 6, , 
2019/8/17, , 7, 1, 
2019/8/18, , 8, 1, 
2019/8/19, , 11, 3, 
2019/8/20, , 13, , 
2019/8/21, , 12, , 
2019/8/22, , 7, , 
2019/8/23, , 9, 1, 
2019/8/24, , 12, , 
2019/8/25, , 12, 1, 
2019/8/26, , 13, , 
2019/8/27, , 16, , 
2019/8/28, , 14, , 
2019/8/29, , 16, , 
2019/8/30, , 15, , 
2019/8/31, , 14, , 
2019/9/1, , 15, , 
2019/9/2, , 13, , 
2019/9/3, , 4, , 
2019/9/4, , 7, , 
2019/9/5, , 9, , 
2019/9/6, , 9, 1, 
2019/9/7, , 8, , 
2019/9/8, , 13, , 
2019/9/9, , 9, 1, 
2019/9/10, , 5, 1, 
2019/9/11, , 7, , 
2019/9/12, , 9, , 
2019/9/13, , 9, , 
2019/9/14, , 7, 3, 
2019/9/15, , 9, 1, 
2019/9/16, , 14, , 
2019/9/17, , 13, , 
2019/9/18, , 7, , 
2019/9/19, , 5, , 
2019/9/20, , 7, 4, 
2019/9/21, , 9, 4, 
2019/9/22, , 16, 2, 
2019/9/23, , 17, 1, 
2019/9/24, , 14, 1, 
2019/9/25, , 12, , 
2019/9/26, , 7, 1, 
2019/9/27, , 7, 1, 
2019/9/28, , 9, , 
2019/9/29, , 6, , 
2019/9/30, , 9, 2, 
2019/6/4, , 6, , 
2019/6/5, , 7, 1, 
2019/6/6, , 8, 1, 
2019/6/7, , 9, 1, 
2019/6/8, , 9, 1, 
2019/6/9, , 9, 1, 
2019/6/10, , 11, 2, 
2019/6/11, , 16, 2, 
2019/6/12, , 11, 4, 
2019/6/13, , 11, 1, 
2019/6/14, , 9, 1, 
2019/6/15, , 11, 3, 
2019/6/16, , 17, 1, 
2019/6/17, , 7, 1, 
2019/6/18, , 18, 4, 
2019/6/19, , 19, 3, 
2019/6/20, , 10, 1, 
2019/6/21, , 9, , 
2019/6/22, , 15, 1, 
2019/6/23, , 4, , 
2019/6/24, , 5, , 
2019/6/25, , 6, , 
2019/6/26, , 9, , 
2019/6/27, , 13, , 
2019/6/28, , 7, 1, 
2019/6/29, , 7, 1, 
2019/6/30, , 13, 8, 
2019/1/3, , 5, , 
2019/1/4, , 12, , 
2019/1/5, , 27, 5, 
2019/1/6, , 11, , 
2019/1/7, , 11, 1, 
2019/1/8, , 44, 5, 
2019/1/9, , 37, 3, 
2019/1/10, , 19, , 
2019/1/14, , 24, 1, 
2019/1/15, , 17, 1, 
2019/1/16, , 22, 3, 
2019/1/17, , 23, 3, 
2019/1/19, , 22, , 
2019/1/20, , 26, 1, 
2019/1/21, , 26, , 
2019/1/22, , 27, , 
2019/1/23, , 40, 1, 
2019/1/24, , 32, , 
2019/1/25, , 29, 1, 
2019/1/26, , 40, 1, 
2019/1/28, , 29, 2, 
2019/1/29, , 29, 1, 
2019/1/30, , 31, 1, 
2019/1/31, , 60, 1, 
2019/2/1, , 55, 3, 
2019/2/2, , 20, 2, 
2019/2/3, , 21, 3, 
2019/2/5, , 18, , 
2019/2/6, , 29, 1, 
2019/2/7, , 41, 3, 
2019/2/8, , 40, 2, 
2019/2/9, , 39, 1, 
2019/2/10, , 74, 3, 
2019/2/11, , 25, 2, 
2019/2/13, , 14, 1, 
2019/2/14, , 26, 4, 
2019/2/15, , 39, 2, 
2019/2/16, , 49, 4, 
2019/2/17, , 59, 12, 
2019/2/18, , 62, 20, 
2019/2/20, , 77, 8, 
2019/2/21, , 51, 3, 
2019/2/22, , 68, 3, 
2018/10/1, , 33, , 
2018/10/2, , 23, , 
2018/10/3, , 28, , 
2018/10/4, , 28, , 
2018/10/5, , 35, , 
2018/10/6, , 52, , 
2018/10/7, , 34, , 
2018/10/8, , 20, , 
2018/10/9, , 38, , 
2018/10/10, , 35, , 
2018/10/11, , 37, , 
2018/10/12, , 43, , 
2018/10/13, , 41, , 
2018/10/14, , 33, , 
2018/10/15, , 39, , 
2018/10/16, , 52, , 
2018/10/17, , 57, , 
2018/10/18, , 72, 1, 
2018/10/19, , 55, , 
2018/10/22, , 27, , 
2018/10/23, , 27, 1, 
2018/10/24, , 19, , 
2018/10/25, , 12, 1, 
2018/10/26, , 39, , 
2018/10/28, , 12, 1, 
2018/10/29, , 8, 1, 
2018/10/30, , 5, 1, 
2018/10/31, , 14, 2, 
2018/11/1, , 28, , 
2018/11/2, , 34, , 
2018/11/3, , 30, , 
2018/11/4, , 32, 2, 
2018/11/5, , 31, 1, 
2018/11/6, , 38, 2, 
2018/11/7, , 38, 1, 
2018/11/8, , 49, , 
2018/11/9, , 44, , 
2018/11/10, , 49, , 
2018/11/11, , 49, , 
2018/11/12, , 55, , 
2018/11/13, , 57, , 
2018/11/14, , 32, , 
2018/11/15, , 37, , 
2018/11/16, , 27, , 
2018/11/17, , 18, , 
2018/11/18, , 21, 12, 
2018/11/19, , 25, 3, 
2018/11/20, , 24, 1, 
2018/11/21, , 23, 1, 
2018/11/22, , 37, 16, 
2018/11/23, , 34, 30, 
2018/11/24, , 32, 2, 
2018/11/25, , 44, 1, 
2018/11/26, , 16, , 
2018/11/27, , 10, 1, 
2018/11/28, , 17, 1, 
2018/11/29, , 21, 2, 
2018/11/30, , 18, 2, 
2018/12/1, , 44, 6, 
2018/12/2, , 74, 3, 
2018/12/3, , 101, , 
2018/12/4, , 88, , 
2018/12/5, , 42, , 
2018/12/6, , 50, , 
2018/12/7, , 74, , 
2018/12/8, , 54, , 
2018/12/9, , 40, , 
2018/12/10, , 60, , 
2018/12/11, , 34, 2, 
2018/12/12, , 29, 1, 
2018/12/13, , 41, 1, 
2018/12/14, , 26, , 
2018/12/15, , 16, , 
2018/12/16, , 42, 5, 
2018/12/17, , 51, 3, 
2018/12/18, , 54, 1, 
2018/12/19, , 58, 2, 
2018/12/20, , 61, 5, 
2018/12/21, , 87, 3, 
2018/12/22, , 91, 2, 
2018/12/23, , 62, 2, 
2018/7/1, , 5, , 
2018/7/2, , 7, , 
2018/7/3, , 13, 2, 
2018/7/4, , 17, 4, 
2018/7/5, , 19, 1, 
2018/7/6, , 23, , 
2018/7/7, , 12, , 
2018/7/8, , 8, , 
2018/7/9, , 9, 3, 
2018/7/10, , 12, 2, 
2018/7/11, , 12, , 
2018/7/12, , 12, , 
2018/7/13, , 12, 3, 
2018/7/14, , 9, 1, 
2018/7/15, , 10, 1, 
2018/7/16, , 9, 1, 
2018/7/17, , 11, , 
2018/7/18, , 11, , 
2018/7/19, , 11, 1, 
2018/7/20, , 13, 3, 
2018/7/21, , 19, , 
2018/7/22, , 16, , 
2018/7/23, , 11, , 
2018/7/24, , 13, , 
2018/7/25, , 16, 1, 
2018/7/26, , 15, 1, 
2018/7/27, , 11, 1, 
2018/7/28, , 8, , 
2018/7/30, , 14, , 
2018/7/31, , 12, , 
2018/8/1, , 12, , 
2018/8/2, , 17, 1, 
2018/8/3, , 12, 1, 
2018/8/4, , 11, 3, 
2018/8/5, , 17, 1, 
2018/8/6, , 23, 2, 
2018/8/7, , 20, 1, 
2018/8/8, , 21, 3, 
2018/8/9, , 24, 1, 
2018/8/10, , 23, , 
2018/8/11, , 13, , 
2018/8/12, , 13, 1, 
2018/8/13, , 20, 1, 
2018/8/14, , 11, , 
2018/8/15, , 7, , 
2018/8/16, , 10, 4, 
2018/8/17, , 19, , 
2018/8/18, , 25, 1, 
2018/8/19, , 16, , 
2018/8/20, , 14, 1, 
2018/8/21, , 13, 1, 
2018/8/22, , 16, 1, 
2018/8/23, , 19, 1, 
2018/8/24, , 23, , 
2018/8/25, , 21, , 
2018/8/27, , 7, , 
2018/8/28, , 7, , 
2018/8/29, , 12, 10, 
2018/8/30, , 14, 4, 
2018/8/31, , 22, 2, 
2018/9/1, , 21, , 
2018/9/2, , 20, 1, 
2018/9/3, , 16, 2, 
2018/9/4, , 8, , 
2018/9/5, , 7, , 
2018/9/6, , 14, 3, 
2018/9/7, , 17, , 
2018/9/8, , 17, , 
2018/9/10, , 11, 2, 
2018/9/11, , 11, 2, 
2018/9/12, , 13, 5, 
2018/9/13, , 18, 10, 
2018/9/14, , 19, , 
2018/9/17, , 12, 1, 
2018/9/18, , 19, , 
2018/9/19, , 28, , 
2018/9/20, , 26, , 
2018/9/21, , 40, , 
2018/9/22, , 30, , 
2018/9/23, , 12, , 
2018/9/24, , 17, , 
2018/9/25, , 6, , 
2018/9/26, , 11, , 
2018/9/27, , 23, , 
2018/9/28, , 32, , 
2018/9/29, , 29, , 
2018/9/30, , 21, , 
2018/4/2, , 12, 1, 
2018/4/3, , 16, 3, 
2018/4/4, , 26, 2, 
2018/4/5, , 24, 1, 
2018/4/6, , 8, , 
2018/4/7, , 18, , 
2018/4/8, , 22, 1, 
2018/4/9, , 14, , 
2018/4/10, , 10, , 
2018/4/11, , 15, , 
2018/4/12, , 21, 2, 
2018/4/13, , 13, , 
2018/4/14, , 13, , 
2018/4/15, , 17, , 
2018/4/16, , 24, 1, 
2018/4/17, , 20, , 
2018/4/18, , 14, , 
2018/4/19, , 15, , 
2018/4/20, , 13, , 
2018/4/21, , 17, 5, 
2018/4/22, , 14, , 
2018/4/23, , 20, , 
2018/4/24, , 16, , 
2018/4/25, , 17, , 
2018/4/26, , 12, 1, 
2018/4/27, , 6, , 
2018/4/28, , 14, 1, 
2018/4/29, , 17, 4, 
2018/4/30, , 19, 1, 
2018/5/1, , 17, 2, 
2018/5/2, , 20, 4, 
2018/5/3, , 14, 6, 
2018/5/4, , 17, 2, 
2018/5/5, , 17, 1, 
2018/5/6, , 10, , 
2018/5/8, , 9, , 
2018/5/9, , 13, 3, 
2018/5/10, , 15, 1, 
2018/5/11, , 14, , 
2018/5/12, , 18, 1, 
2018/5/13, , 16, 1, 
2018/5/16, , 6, 2, 
2018/5/17, , 6, , 
2018/5/18, , 6, 1, 
2018/5/22, , 13, 1, 
2018/5/23, , 17, 3, 
2018/5/24, , 14, 1, 
2018/5/25, , 15, 3, 
2018/5/26, , 14, , 
2018/5/27, , 15, 1, 
2018/5/28, , 17, 1, 
2018/5/29, , 15, , 
2018/5/30, , 11, , 
2018/5/31, , 18, 3, 
2018/6/1, , 25, 1, 
2018/6/2, , 19, , 
2018/6/3, , 12, , 
2018/6/4, , 11, 3, 
2018/6/5, , 13, 1, 
2018/6/6, , 11, 2, 
2018/6/7, , 20, 2, 
2018/6/8, , 18, , 
2018/6/9, , 13, , 
2018/6/10, , 10, , 
2018/6/11, , 12, 4, 
2018/6/12, , 13, 1, 
2018/6/13, , 8, , 
2018/6/14, , 5, , 
2018/6/15, , 8, , 
2018/6/16, , 11, , 
2018/6/17, , 9, , 
2018/6/18, , 11, , 
2018/6/19, , 15, , 
2018/6/20, , 12, , 
2018/6/21, , 26, 2, 
2018/6/22, , 14, , 
2018/6/23, , 4, , 
2018/6/24, , 7, , 
2018/6/25, , 8, 1, 
2018/6/26, , 6, 1, 
2018/6/27, , 9, , 
2018/6/28, , 6, , 
2018/6/29, , 6, , 
2018/6/30, , 9, , 
2018/1/1, , 82, 1, 
2018/1/2, , 20, 8, 
2018/1/3, , 41, 5, 
2018/1/4, , 57, 11, 
2018/1/5, , 80, 16, 
2018/1/6, , 75, 3, 
2018/1/7, , 81, 6, 
2018/1/8, , 61, , 
2018/1/9, , 50, 6, 
2018/1/10, , 34, , 
2018/1/11, , 28, , 
2018/1/12, , 33, , 
2018/1/14, , 15, 2, 
2018/1/15, , 23, 10, 
2018/1/16, , 56, 1, 
2018/1/17, , 24, 2, 
2018/1/18, , 13, , 
2018/1/19, , 42, , 
2018/1/20, , 32, , 
2018/1/21, , 27, , 
2018/1/22, , 19, , 
2018/1/23, , 41, , 
2018/1/24, , 47, , 
2018/1/25, , 49, , 
2018/1/26, , 64, , 
2018/1/27, , 57, , 
2018/1/28, , 37, , 
2018/1/29, , 28, , 
2018/1/30, , 42, , 
2018/1/31, , 36, , 
2018/2/1, , 27, , 
2018/2/2, , 20, , 
2018/2/3, , 16, , 
2018/2/4, , 25, , 
2018/2/5, , 19, , 
2018/2/6, , 35, , 
2018/2/7, , 46, , 
2018/2/8, , 15, , 
2018/2/9, , 35, , 
2018/2/10, , 47, , 
2018/2/11, , 41, , 
2018/2/12, , 50, , 
2018/2/13, , 24, , 
2018/2/14, , 22, , 
2018/2/15, , 33, 3, 
2018/2/16, , 49, 5, 
2018/2/17, , 35, 1, 
2018/2/18, , 31, , 
2018/2/19, , 19, , 
2018/2/20, , 31, , 
2018/2/21, , 24, , 
2018/2/22, , 15, , 
2018/2/23, , 26, , 
2018/2/24, , 23, , 
2018/2/25, , 17, , 
2018/2/26, , 19, 2, 
2018/2/27, , 24, , 
2018/2/28, , 39, 3, 
2018/3/1, , 58, 5, 
2018/3/2, , 57, 1, 
2018/3/3, , 58, , 
2018/3/4, , 46, 1, 
2018/3/5, , 58, 2, 
2018/3/6, , 51, 5, 
2018/3/7, , 49, , 
2018/3/8, , 31, 1, 
2018/3/9, , 38, 3, 
2018/3/10, , 34, 5, 
2018/3/11, , 35, 2, 
2018/3/12, , 17, 1, 
2018/3/13, , 23, 1, 
2018/3/14, , 11, 1, 
2018/3/15, , 32, 1, 
2018/3/16, , 26, , 
2018/3/17, , 16, , 
2018/3/18, , 10, , 
2018/3/19, , 17, , 
2018/3/20, , 21, , 
2018/3/21, , 26, , 
2018/3/22, , 28, , 
2018/3/23, , 16, , 
2018/3/24, , 26, , 
2018/3/25, , 28, , 
2018/3/26, , 28, 1, 
2018/3/27, , 45, 3, 
2018/3/28, , 41, 4, 
2018/3/29, , 48, 1, 
2018/3/30, , 31, 1, 
2017/10/2, , 42, 9, 
2017/10/3, , 34, 1, 
2017/10/4, , 14, 10, 
2017/10/5, , 19, 3, 
2017/10/6, , 10, , 
2017/10/7, , 10, 2, 
2017/10/8, , 23, 4, 
2017/10/9, , 19, 2, 
2017/10/10, , 19, 43, 
2017/10/11, , 27, 1, 
2017/10/12, , 31, 17, 
2017/10/13, , 31, 4, 
2017/10/14, , 24, 19, 
2017/10/15, , 29, 17, 
2017/10/16, , 36, 9, 
2017/10/17, , 44, 4, 
2017/10/18, , 44, 2, 
2017/10/19, , 23, 1, 
2017/10/20, , 28, 1, 
2017/10/21, , 33, 3, 
2017/10/22, , 33, , 
2017/10/23, , 4, , 
2017/10/24, , 7, 1, 
2017/10/25, , 20, 10, 
2017/10/26, , 40, 3, 
2017/10/27, , 26, 1, 
2017/10/28, , 10, 6, 
2017/10/29, , 15, , 
2017/10/30, , 11, , 
2017/10/31, , 27, , 
2017/11/1, , 40, 3, 
2017/11/2, , 50, 2, 
2017/11/3, , 42, 16, 
2017/11/4, , 37, 8, 
2017/11/5, , 34, 2, 
2017/11/6, , 33, 3, 
2017/11/7, , 27, , 
2017/11/8, , 30, , 
2017/11/9, , 32, 2, 
2017/11/10, , 52, 12, 
2017/11/11, , 44, 3, 
2017/11/12, , 69, 1, 
2017/11/13, , 21, , 
2017/11/14, , 16, , 
2017/11/15, , 22, , 
2017/11/16, , 26, , 
2017/11/17, , 20, , 
2017/11/18, , 20, , 
2017/11/19, , 30, , 
2017/11/20, , 38, , 
2017/11/21, , 40, , 
2017/11/23, , 23, , 
2017/11/24, , 49, , 
2017/11/25, , 70, , 
2017/11/26, , 20, , 
2017/11/27, , 16, , 
2017/11/28, , 45, , 
2017/11/29, , 50, , 
2017/11/30, , 22, , 
2017/12/1, , 25, , 
2017/12/2, , 27, , 
2017/12/3, , 31, 1, 
2017/12/4, , 46, , 
2017/12/5, , 41, 3, 
2017/12/6, , 76, , 
2017/12/7, , 98, 6, 
2017/12/8, , 43, , 
2017/12/9, , 16, 2, 
2017/12/10, , 21, , 
2017/12/11, , 17, 1, 
2017/12/12, , 10, , 
2017/12/13, , 14, 2, 
2017/12/14, , 41, 1, 
2017/12/15, , 32, , 
2017/12/16, , 19, 1, 
2017/12/17, , 42, 1, 
2017/12/18, , 30, , 
2017/12/19, , 30, 1, 
2017/12/20, , 40, 1, 
2017/12/21, , 49, 1, 
2017/12/22, , 50, , 
2017/12/23, , 40, 1, 
2017/12/24, , 65, , 
2017/12/25, , 85, , 
2017/12/26, , 87, , 
2017/12/27, , 65, 1, 
2017/12/28, , 15, , 
2017/12/29, , 23, , 
2017/12/30, , 67, , 
2017/7/1, , 6, 3, 
2017/7/2, , 8, 1, 
2017/7/3, , 6, 11, 
2017/7/4, , 11, 11, 
2017/7/5, , 14, 7, 
2017/7/6, , 19, 8, 
2017/7/7, , 17, 5, 
2017/7/8, , 12, 5, 
2017/7/9, , 14, 12, 
2017/7/10, , 17, 6, 
2017/7/11, , 15, 1, 
2017/7/12, , 9, , 
2017/7/13, , 5, , 
2017/7/14, , 7, , 
2017/7/15, , 8, 1, 
2017/7/16, , 9, 3, 
2017/7/17, , 11, 6, 
2017/7/18, , 12, 4, 
2017/7/19, , 13, 4, 
2017/7/20, , 16, 1, 
2017/7/21, , 16, 5, 
2017/7/22, , 16, 2, 
2017/7/23, , 17, 2, 
2017/7/24, , 15, 1, 
2017/7/25, , 5, 1, 
2017/7/26, , 7, 2, 
2017/7/27, , 8, 2, 
2017/7/28, , 6, 1, 
2017/7/29, , 7, 4, 
2017/7/30, , 11, 4, 
2017/7/31, , 17, 4, 
2017/8/1, , 19, 5, 
2017/8/2, , 22, 3, 
2017/8/3, , 21, 7, 
2017/8/4, , 19, 2, 
2017/8/5, , 19, 1, 
2017/8/6, , 13, 1, 
2017/8/7, , 8, 4, 
2017/8/8, , 16, 9, 
2017/8/9, , 32, 5, 
2017/8/10, , 18, 2, 
2017/8/11, , 17, 1, 
2017/8/12, , 6, , 
2017/8/13, , 6, 1, 
2017/8/14, , 7, 5, 
2017/8/15, , 11, 1, 
2017/8/16, , 11, 7, 
2017/8/17, , 14, 7, 
2017/8/18, , 17, 10, 
2017/8/19, , 22, 1, 
2017/8/20, , 5, 4, 
2017/8/21, , 6, 1, 
2017/8/22, , 7, 6, 
2017/8/23, , 11, 13, 
2017/8/24, , 16, 14, 
2017/8/25, , 20, 14, 
2017/8/26, , 22, 7, 
2017/8/27, , 18, 1, 
2017/8/28, , 11, 2, 
2017/8/29, , 10, 1, 
2017/8/30, , 10, 19, 
2017/8/31, , 20, 3, 
2017/9/1, , 16, , 
2017/9/2, , 8, , 
2017/9/3, , 5, , 
2017/9/4, , 6, 3, 
2017/9/5, , 9, , 
2017/9/11, , 12, 6, 
2017/9/12, , 6, 4, 
2017/9/13, , 8, 15, 
2017/9/14, , 10, 1, 
2017/9/15, , 6, 8, 
2017/9/16, , 16, 2, 
2017/9/17, , 10, 1, 
2017/9/18, , 7, 1, 
2017/9/19, , 11, 1, 
2017/9/20, , 7, , 
2017/9/21, , 7, 1, 
2017/9/22, , 11, 3, 
2017/9/23, , 13, 1, 
2017/9/24, , 15, 1, 
2017/9/25, , 18, 1, 
2017/9/26, , 15, 2, 
2017/9/27, , 21, 3, 
2017/9/28, , 20, 2, 
2017/9/29, , 8, , 
2017/4/1, , 27, 2, 
2017/4/2, , 25, 1, 
2017/4/3, , 19, 2, 
2017/4/4, , 24, 2, 
2017/4/5, , 19, , 
2017/4/6, , 15, 4, 
2017/4/7, , 11, , 
2017/4/8, , 16, 13, 
2017/4/9, , 23, 19, 
2017/4/10, , 24, 4, 
2017/4/11, , 29, , 
2017/4/12, , 14, 11, 
2017/4/13, , 16, 7, 
2017/4/14, , 11, 3, 
2017/4/15, , 18, , 
2017/4/16, , 18, , 
2017/4/17, , 9, 8, 
2017/4/18, , 15, , 
2017/4/19, , 8, , 
2017/4/20, , 10, 3, 
2017/4/21, , 17, 4, 
2017/4/22, , 28, 11, 
2017/4/23, , 17, 5, 
2017/4/24, , 22, 12, 
2017/4/25, , 20, 6, 
2017/4/26, , 16, 5, 
2017/4/27, , 21, , 
2017/4/28, , 18, , 
2017/5/2, , 10, , 
2017/5/3, , 18, 8, 
2017/5/4, , 11, , 
2017/5/5, , 9, 1, 
2017/5/6, , 7, , 
2017/5/8, , 8, , 
2017/5/9, , 9, 6, 
2017/5/10, , 8, 9, 
2017/5/11, , 14, 5, 
2017/5/12, , 12, 1, 
2017/5/13, , 9, , 
2017/5/15, , 11, 1, 
2017/5/16, , 9, , 
2017/5/17, , 10, 2, 
2017/5/18, , 10, 6, 
2017/5/19, , 14, 1, 
2017/5/20, , 16, , 
2017/5/21, , 9, 1, 
2017/5/22, , 12, 2, 
2017/5/23, , 14, 1, 
2017/5/24, , 9, , 
2017/5/25, , 7, , 
2017/5/26, , 10, 2, 
2017/5/27, , 11, , 
2017/5/28, , 13, 3, 
2017/5/29, , 11, 7, 
2017/5/30, , 16, 1, 
2017/5/31, , 26, 1, 
2017/6/1, , 10, 3, 
2017/6/2, , 18, 2, 
2017/6/3, , 19, 4, 
2017/6/4, , 21, 1, 
2017/6/5, , 12, 6, 
2017/6/6, , 20, , 
2017/6/7, , 8, , 
2017/6/8, , 3, 5, 
2017/6/9, , 9, 2, 
2017/6/10, , 10, , 
2017/6/11, , 8, 11, 
2017/6/12, , 11, 1, 
2017/6/13, , 13, 1, 
2017/6/14, , 12, 6, 
2017/6/15, , 12, 8, 
2017/6/16, , 15, , 
2017/6/17, , 9, , 
2017/6/18, , 5, , 
2017/6/19, , 10, 7, 
2017/6/20, , 17, 1, 
2017/6/21, , 18, 6, 
2017/6/22, , 19, 2, 
2017/6/23, , 17, 4, 
2017/6/24, , 17, 5, 
2017/6/25, , 23, 1, 
2017/6/26, , 9, 9, 
2017/6/27, , 15, 10, 
2017/6/28, , 20, 3, 
2017/6/29, , 9, 4, 
2017/6/30, , 8, 2, 
2017/1/2, , 114, 3, 
2017/1/3, , 33, 6, 
2017/1/4, , 42, 3, 
2017/1/5, , 60, , 
2017/1/9, , 37, 5, 
2017/1/10, , 46, 3, 
2017/1/11, , 68, 10, 
2017/1/12, , 104, 7, 
2017/1/13, , 50, , 
2017/1/14, , 32, , 
2017/1/16, , 33, , 
2017/1/17, , 27, 1, 
2017/1/18, , 34, 2, 
2017/1/19, , 39, 2, 
2017/1/20, , 82, 3, 
2017/1/21, , 77, 2, 
2017/1/22, , 100, 17, 
2017/1/23, , 59, 18, 
2017/1/24, , 64, 5, 
2017/1/25, , 61, 4, 
2017/1/26, , 71, 10, 
2017/1/27, , 62, 19, 
2017/1/28, , 58, 11, 
2017/1/29, , 51, 38, 
2017/1/30, , 70, 56, 
2017/1/31, , 108, 6, 
2017/2/1, , 78, 7, 
2017/2/2, , 110, 8, 
2017/2/3, , 77, 2, 
2017/2/4, , 59, , 
2017/2/5, , 19, 1, 
2017/2/6, , 25, , 
2017/2/7, , 26, 1, 
2017/2/8, , 53, 1, 
2017/2/9, , 37, 2, 
2017/2/10, , 27, 4, 
2017/2/11, , 33, 1, 
2017/2/12, , 39, 1, 
2017/2/13, , 44, 7, 
2017/2/14, , 57, 7, 
2017/2/15, , 60, 1, 
2017/2/16, , 72, 31, 
2017/2/17, , 56, 2, 
2017/2/18, , 49, 3, 
2017/2/19, , 36, 8, 
2017/2/20, , 40, 2, 
2017/2/21, , 54, , 
2017/2/22, , 49, , 
2017/2/23, , 13, 2, 
2017/2/24, , 18, 3, 
2017/2/25, , 16, 9, 
2017/2/26, , 41, 6, 
2017/2/27, , 67, 4, 
2017/2/28, , 29, 2, 
2017/3/1, , 21, 5, 
2017/3/2, , 41, 6, 
2017/3/3, , 15, 4, 
2017/3/4, , 27, , 
2017/3/5, , 14, 3, 
2017/3/6, , 14, 2, 
2017/3/7, , 11, , 
2017/3/8, , 19, 2, 
2017/3/9, , 37, , 
2017/3/10, , 26, 1, 
2017/3/11, , 16, 1, 
2017/3/12, , 25, 1, 
2017/3/13, , 36, , 
2017/3/14, , 35, , 
2017/3/15, , 38, , 
2017/3/16, , 23, 2, 
2017/3/17, , 32, 2, 
2017/3/18, , 38, , 
2017/3/19, , 15, , 
2017/3/20, , 20, 4, 
2017/3/21, , 28, 2, 
2017/3/22, , 29, 6, 
2017/3/23, , 28, 1, 
2017/3/24, , 23, , 
2017/3/25, , 24, , 
2017/3/26, , 28, , 
2017/3/27, , 19, 2, 
2017/3/28, , 28, 3, 
2017/3/29, , 32, , 
2017/3/30, , 31, 7, 
2017/3/31, , 15, 5, 
2016/10/1, , 24, 8, 
2016/10/2, , 30, 1, 
2016/10/3, , 14, 2, 
2016/10/4, , 7, 1, 
2016/10/5, , 10, , 
2016/10/6, , 17, , 
2016/10/7, , 19, , 
2016/10/8, , 18, , 
2016/10/9, , 33, 3, 
2016/10/10, , 28, 5, 
2016/10/11, , 15, , 
2016/10/12, , 13, 4, 
2016/10/13, , 22, 9, 
2016/10/14, , 22, 2, 
2016/10/15, , 32, , 
2016/10/16, , 31, 2, 
2016/10/17, , 22, 2, 
2016/10/18, , 15, 2, 
2016/10/19, , 26, 2, 
2016/10/20, , 23, 1, 
2016/10/21, , 16, 1, 
2016/10/22, , 18, 6, 
2016/10/23, , 32, 5, 
2016/10/24, , 35, 5, 
2016/10/25, , 47, , 
2016/10/26, , 27, , 
2016/10/27, , 21, , 
2016/10/28, , 31, 4, 
2016/10/29, , 41, , 
2016/10/30, , 31, , 
2016/10/31, , 29, 3, 
2016/11/1, , 32, 5, 
2016/11/2, , 56, 1, 
2016/11/3, , 13, 6, 
2016/11/4, , 27, 5, 
2016/11/5, , 53, 9, 
2016/11/6, , 27, 2, 
2016/11/7, , 12, 1, 
2016/11/8, , 18, 2, 
2016/11/9, , 17, 3, 
2016/11/10, , 40, 4, 
2016/11/11, , 47, 1, 
2016/11/12, , 16, , 
2016/11/13, , 21, 1, 
2016/11/14, , 30, , 
2016/11/15, , 35, 11, 
2016/11/16, , 48, 26, 
2016/11/17, , 86, 13, 
2016/11/18, , 68, 5, 
2016/11/19, , 58, 4, 
2016/11/20, , 39, 2, 
2016/11/21, , 34, 4, 
2016/11/22, , 40, 5, 
2016/11/23, , 46, 8, 
2016/11/24, , 66, 5, 
2016/11/25, , 75, 8, 
2016/11/26, , 68, 2, 
2016/11/27, , 49, , 
2016/11/28, , 9, , 
2016/11/29, , 19, 4, 
2016/11/30, , 41, 20, 
2016/12/1, , 62, 2, 
2016/12/2, , 47, 6, 
2016/12/3, , 37, 1, 
2016/12/4, , 63, 4, 
2016/12/5, , 71, 6, 
2016/12/6, , 99, 22, 
2016/12/7, , 69, 30, 
2016/12/8, , 44, 9, 
2016/12/9, , 45, 12, 
2016/12/10, , 84, 4, 
2016/12/11, , 129, 3, 
2016/12/12, , 99, , 
2016/12/13, , 22, 10, 
2016/12/14, , 68, 7, 
2016/12/15, , 87, 1, 
2016/12/16, , 71, 22, 
2016/12/17, , 42, 9, 
2016/12/18, , 35, 2, 
2016/12/19, , 34, 22, 
2016/12/20, , 44, 11, 
2016/12/21, , 40, 19, 
2016/12/22, , 54, 10, 
2016/12/23, , 54, 4, 
2016/12/24, , 59, , 
2016/12/27, , 44, , 
2016/12/28, , 10, 1, 
2016/12/29, , 27, 1, 
2016/12/30, , 48, 5, 
2016/12/31, , 82, 11, 
2017/1/1, , 85, 8, 
2016/7/1, , 21, , 
2016/7/5, , 15, , 
2016/7/6, , 23, , 
2016/7/8, , 10, , 
2016/7/9, , 15, , 
2016/7/10, , 14, , 
2016/7/11, , 13, , 
2016/7/12, , 23, , 
2016/7/13, , 23, , 
2016/7/14, , 8, , 
2016/7/15, , 6, , 
2016/7/16, , 5, , 
2016/7/17, , 6, , 
2016/7/18, , 10, , 
2016/7/19, , 8, , 
2016/7/20, , 12, , 
2016/7/21, , 14, , 
2016/7/22, , 18, , 
2016/7/23, , 22, , 
2016/7/24, , 21, , 
2016/7/25, , 17, , 
2016/7/26, , 12, , 
2016/7/27, , 16, , 
2016/7/28, , 19, , 
2016/7/29, , 12, 1, 
2016/7/30, , 12, 1, 
2016/7/31, , 16, , 
2016/8/1, , 10, , 
2016/8/2, , 8, 2, 
2016/8/3, , 12, 3, 
2016/8/4, , 13, 1, 
2016/8/5, , 18, , 
2016/8/6, , 9, , 
2016/8/11, , 6, , 
2016/8/12, , 8, 1, 
2016/8/13, , 12, 2, 
2016/8/14, , 13, 8, 
2016/8/15, , 28, 1, 
2016/8/16, , 18, 2, 
2016/8/17, , 20, 19, 
2016/8/18, , 31, 13, 
2016/8/19, , 32, 4, 
2016/8/20, , 26, 10, 
2016/8/21, , 34, , 
2016/8/22, , 8, 1, 
2016/8/23, , 8, 1, 
2016/8/24, , 12, 2, 
2016/8/25, , 14, 4, 
2016/8/26, , 17, 2, 
2016/8/27, , 21, 5, 
2016/8/28, , 18, 8, 
2016/8/29, , 22, 1, 
2016/8/30, , 20, 1, 
2016/8/31, , 14, 4, 
2016/9/1, , 15, 2, 
2016/9/2, , 21, 14, 
2016/9/3, , 26, 14, 
2016/9/4, , 27, 1, 
2016/9/5, , 21, 1, 
2016/9/6, , 7, 2, 
2016/9/7, , 15, 3, 
2016/9/8, , 18, 2, 
2016/9/9, , 21, 4, 
2016/9/10, , 23, 8, 
2016/9/11, , 24, 6, 
2016/9/12, , 26, 9, 
2016/9/13, , 23, 12, 
2016/9/14, , 22, 6, 
2016/9/15, , 22, 5, 
2016/9/16, , 38, , 
2016/9/19, , 8, 1, 
2016/9/20, , 11, , 
2016/9/23, , 14, 1, 
2016/9/24, , 17, , 
2016/9/26, , 17, 4, 
2016/9/27, , 18, 4, 
2016/9/28, , 16, 7, 
2016/9/29, , 28, 2, 
2016/9/30, , 27, 6, 
2016/4/1, , 22, , 
2016/4/2, , 13, 9, 
2016/4/3, , 19, 6, 
2016/4/4, , 34, 4, 
2016/4/5, , 21, , 
2016/4/6, , 20, 3, 
2016/4/7, , 18, 1, 
2016/4/8, , 33, , 
2016/4/11, , 11, 5, 
2016/4/12, , 14, 8, 
2016/4/13, , 15, 1, 
2016/4/14, , 18, 1, 
2016/4/15, , 10, 3, 
2016/4/16, , 14, 7, 
2016/4/17, , 12, 7, 
2016/4/18, , 14, , 
2016/4/19, , 13, , 
2016/4/20, , 7, 19, 
2016/4/21, , 13, 6, 
2016/4/22, , 15, , 
2016/4/24, , 9, 1, 
2016/4/25, , 10, 2, 
2016/4/26, , 15, 1, 
2016/4/27, , 14, 1, 
2016/4/28, , 11, , 
2016/4/29, , 14, 4, 
2016/4/30, , 18, 3, 
2016/5/1, , 29, 1, 
2016/5/2, , 11, , 
2016/5/3, , 9, , 
2016/5/4, , 10, , 
2016/5/5, , 10, 2, 
2016/5/6, , 15, 4, 
2016/5/7, , 22, 1, 
2016/5/8, , 13, 13, 
2016/5/9, , 16, 4, 
2016/5/10, , 22, 2, 
2016/5/11, , 24, 2, 
2016/5/12, , 16, 1, 
2016/5/13, , 13, 3, 
2016/5/14, , 6, 1, 
2016/5/15, , 8, , 
2016/5/16, , 6, 2, 
2016/5/17, , 17, 12, 
2016/5/18, , 11, , 
2016/5/19, , 14, , 
2016/5/20, , 9, 5, 
2016/5/21, , 13, 6, 
2016/5/22, , 18, 4, 
2016/5/23, , 19, 1, 
2016/5/24, , 7, , 
2016/5/25, , 7, , 
2016/5/26, , 15, 6, 
2016/5/27, , 15, 10, 
2016/5/28, , 25, 19, 
2016/5/29, , 33, 2, 
2016/5/30, , 10, 1, 
2016/5/31, , 7, 5, 
2016/6/1, , 8, 8, 
2016/6/2, , 7, 1, 
2016/6/3, , 6, 1, 
2016/6/4, , 7, 1, 
2016/6/5, , 7, 2, 
2016/6/6, , 8, , 
2016/6/7, , 6, 13, 
2016/6/8, , 13, 7, 
2016/6/9, , 20, 4, 
2016/6/10, , 23, 11, 
2016/6/11, , 20, 2, 
2016/6/12, , 9, 2, 
2016/6/13, , 8, 1, 
2016/6/14, , 7, 3, 
2016/6/15, , 8, 5, 
2016/6/16, , 9, 3, 
2016/6/17, , 12, 5, 
2016/6/18, , 8, 2, 
2016/6/19, , 14, 3, 
2016/6/20, , 12, , 
2016/6/21, , 7, 1, 
2016/6/22, , 12, , 
2016/6/23, , 15, 2, 
2016/6/24, , 17, , 
2016/6/25, , 18, 1, 
2016/6/26, , 11, 16, 
2016/6/27, , 13, , 
2016/6/28, , 8, 2, 
2016/6/29, , 9, 12, 
2016/6/30, , 14, 2, 
2016/1/7, , 59, , 
2016/1/8, , 102, , 
2016/1/9, , 157, , 
2016/1/10, , 128, , 
2016/1/11, , 39, , 
2016/1/12, , 36, , 
2016/1/13, , 66, , 
2016/1/14, , 74, , 
2016/1/15, , 49, , 
2016/1/16, , 32, , 
2016/1/17, , 18, , 
2016/1/18, , 20, 6, 
2016/1/19, , 48, 9, 
2016/1/20, , 78, , 
2016/1/21, , 58, , 
2016/1/22, , 51, 15, 
2016/1/23, , 68, 5, 
2016/1/24, , 68, 3, 
2016/1/25, , 98, 6, 
2016/1/26, , 75, , 
2016/1/28, , 48, 2, 
2016/1/29, , 66, 2, 
2016/1/30, , 74, 20, 
2016/1/31, , 19, 3, 
2016/2/1, , 43, 15, 
2016/2/2, , 103, 6, 
2016/2/3, , 102, 4, 
2016/2/4, , 29, 3, 
2016/2/5, , 46, 9, 
2016/2/6, , 52, 8, 
2016/2/7, , 77, 8, 
2016/2/8, , 84, 9, 
2016/2/9, , 28, , 
2016/2/10, , 20, 5, 
2016/2/11, , 26, 9, 
2016/2/12, , 50, , 
2016/2/15, , 25, , 
2016/2/16, , 29, , 
2016/2/17, , 30, , 
2016/2/18, , 26, , 
2016/2/19, , 11, , 
2016/2/20, , 28, 5, 
2016/2/21, , 42, 6, 
2016/2/22, , 28, 9, 
2016/2/23, , 57, , 
2016/2/24, , 24, 6, 
2016/2/25, , 40, , 
2016/2/26, , 28, 12, 
2016/2/27, , 37, 3, 
2016/2/28, , 40, 3, 
2016/2/29, , 25, , 
2016/3/1, , 21, 10, 
2016/3/2, , 19, 5, 
2016/3/3, , 32, 8, 
2016/3/4, , 11, 14, 
2016/3/5, , 32, 10, 
2016/3/6, , 28, 8, 
2016/3/7, , 27, 2, 
2016/3/8, , 15, 1, 
2016/3/9, , 25, 2, 
2016/3/10, , 43, 2, 
2016/3/11, , 30, 1, 
2016/3/12, , 27, 2, 
2016/3/13, , 21, 1, 
2016/3/14, , 31, 2, 
2016/3/15, , 34, 1, 
2016/3/16, , 19, 3, 
2016/3/17, , 30, 5, 
2016/3/18, , 45, 1, 
2016/3/19, , 39, 3, 
2016/3/20, , 30, 1, 
2016/3/21, , 50, 5, 
2016/3/22, , 30, 1, 
2016/3/23, , 18, , 
2016/3/24, , 20, 2, 
2016/3/25, , 24, 2, 
2016/3/26, , 32, , 
2016/3/29, , 24, 10, 
2016/3/30, , 27, 4, 
2016/3/31, , 14, , 
2015/10/1, , 13, 4, 
2015/10/2, , 16, 21, 
2015/10/3, , 36, 7, 
2015/10/4, , 31, 14, 
2015/10/5, , 17, , 
2015/10/6, , 18, , 
2015/10/9, , 26, 4, 
2015/10/10, , 24, , 
2015/10/11, , 7, 11, 
2015/10/12, , 21, 9, 
2015/10/13, , 32, , 
2015/10/14, , 20, , 
2015/10/15, , 22, 4, 
2015/10/16, , 29, 3, 
2015/10/17, , 17, 26, 
2015/10/18, , 26, , 
2015/10/19, , 14, , 
2015/10/20, , 16, 16, 
2015/10/21, , 27, , 
2015/10/22, , 29, , 
2015/10/23, , 25, 32, 
2015/10/24, , 28, 32, 
2015/10/25, , 51, 46, 
2015/10/26, , 34, 18, 
2015/10/27, , 45, 28, 
2015/10/28, , 48, 8, 
2015/10/29, , 40, 26, 
2015/10/30, , 35, , 
2015/11/2, , 99, 18, 
2015/11/3, , 68, 28, 
2015/11/4, , 83, 14, 
2015/11/5, , 96, 3, 
2015/11/6, , 75, 9, 
2015/11/7, , 52, , 
2015/11/8, , 67, 4, 
2015/11/9, , 49, 12, 
2015/11/10, , 54, 41, 
2015/11/11, , 69, 20, 
2015/11/12, , 54, 47, 
2015/11/13, , 44, , 
2015/11/16, , 55, 8, 
2015/11/17, , 82, 4, 
2015/11/18, , 72, 6, 
2015/11/19, , 66, 10, 
2015/11/20, , 39, 27, 
2015/11/21, , 12, 17, 
2015/11/22, , 18, 4, 
2015/11/23, , 28, , 
2015/11/24, , 19, 2, 
2015/11/25, , 24, , 
2015/11/26, , 21, , 
2015/11/27, , 32, , 
2015/11/28, , 28, 10, 
2015/11/29, , 46, 10, 
2015/11/30, , 38, 13, 
2015/12/1, , 37, 21, 
2015/12/2, , 46, 13, 
2015/12/3, , 73, 24, 
2015/12/4, , 51, 6, 
2015/12/5, , 32, 25, 
2015/12/6, , 37, 36, 
2015/12/7, , 43, , 
2015/12/8, , 19, 6, 
2015/12/9, , 26, , 
2015/12/10, , 34, 39, 
2015/12/11, , 36, 38, 
2015/12/12, , 25, , 
2015/12/14, , 55, 8, 
2015/12/15, , 37, 8, 
2015/12/16, , 40, 13, 
2015/12/17, , 41, 26, 
2015/12/18, , 53, , 
2015/12/20, , 36, 24, 
2015/12/21, , 46, 11, 
2015/12/22, , 91, , 
2015/12/23, , 99, , 
2015/12/24, , 104, , 
2015/12/25, , 77, 6, 
2015/12/26, , 89, , 
2015/7/1, , 15, 10, 
2015/7/2, , 18, , 
2015/7/3, , 30, 28, 
2015/7/4, , 23, 13, 
2015/7/5, , 19, 17, 
2015/7/6, , 21, 12, 
2015/7/7, , 30, 9, 
2015/7/8, , 31, , 
2015/7/9, , 8, , 
2015/7/10, , 6, , 
2015/7/11, , 11, , 
2015/7/13, , 10, 11, 
2015/7/14, , 14, 14, 
2015/7/15, , 12, 11, 
2015/7/16, , 15, 14, 
2015/7/17, , 23, 19, 
2015/7/18, , 22, 18, 
2015/7/19, , 23, , 
2015/7/20, , 17, , 
2015/7/21, , 10, 11, 
2015/7/22, , 11, 6, 
2015/7/23, , 23, 4, 
2015/7/24, , 14, 6, 
2015/7/25, , 26, , 
2015/7/26, , 9, 6, 
2015/7/27, , 12, , 
2015/7/28, , 10, 3, 
2015/7/29, , 11, , 
2015/7/30, , 7, 31, 
2015/7/31, , 8, 5, 
2015/8/1, , 13, 5, 
2015/8/2, , 22, 8, 
2015/8/3, , 16, 4, 
2015/8/4, , 17, 11, 
2015/8/5, , 24, , 
2015/8/6, , 28, 7, 
2015/8/7, , 22, 4, 
2015/8/8, , 24, , 
2015/8/10, , 12, 9, 
2015/8/11, , 18, 9, 
2015/8/12, , 21, 10, 
2015/8/13, , 23, 9, 
2015/8/14, , 28, 20, 
2015/8/15, , 28, 16, 
2015/8/16, , 23, 3, 
2015/8/17, , 11, 4, 
2015/8/18, , 4, 4, 
2015/8/19, , 7, 3, 
2015/8/20, , 7, , 
2015/8/21, , 8, , 
2015/8/22, , 13, 17, 
2015/8/23, , 23, 9, 
2015/8/24, , 24, 2, 
2015/8/25, , 19, 4, 
2015/8/26, , 13, 8, 
2015/8/27, , 22, 4, 
2015/8/28, , 28, 10, 
2015/8/29, , 20, 18, 
2015/8/30, , 30, 5, 
2015/8/31, , 31, 25, 
2015/9/1, , 26, , 
2015/9/5, , 5, 3, 
2015/9/6, , 5, 5, 
2015/9/7, , 6, 11, 
2015/9/8, , 7, , 
2015/9/9, , 8, , 
2015/9/10, , 12, 2, 
2015/9/11, , 10, , 
2015/9/12, , 10, 12, 
2015/9/13, , 23, 8, 
2015/9/14, , 25, 3, 
2015/9/15, , 13, 6, 
2015/9/16, , 21, 8, 
2015/9/17, , 21, 4, 
2015/9/18, , 26, 4, 
2015/9/19, , 19, , 
2015/9/20, , 9, , 
2015/9/21, , 6, 3, 
2015/9/22, , 14, 10, 
2015/9/23, , 16, , 
2015/9/24, , 12, , 
2015/9/25, , 11, , 
2015/9/26, , 9, , 
2015/9/27, , 8, , 
2015/9/28, , 10, , 
2015/9/29, , 8, , 
2015/9/30, , 11, 4, 
2015/4/1, , 5, 4, 
2015/4/2, , 4, 3, 
2015/4/3, , 12, 8, 
2015/4/4, , 23, , 
2015/4/5, , 10, , 
2015/4/6, , 10, , 
2015/4/7, , 11, , 
2015/4/8, , 19, , 
2015/4/9, , 24, 11, 
2015/4/10, , 37, 5, 
2015/4/11, , 40, , 
2015/4/15, , 16, , 
2015/4/16, , 28, , 
2015/4/17, , 10, , 
2015/4/18, , 13, 4, 
2015/4/19, , 15, 6, 
2015/4/20, , 28, 2, 
2015/4/21, , 13, , 
2015/4/22, , 13, , 
2015/4/23, , 15, 7, 
2015/4/24, , 19, , 
2015/4/27, , 10, 5, 
2015/4/28, , 8, 2, 
2015/4/29, , 9, 3, 
2015/4/30, , 14, 25, 
2015/5/1, , 14, 8, 
2015/5/2, , 10, 6, 
2015/5/3, , 11, 15, 
2015/5/4, , 10, 7, 
2015/5/5, , 14, 5, 
2015/5/6, , 13, 3, 
2015/5/7, , 6, , 
2015/5/8, , 9, 3, 
2015/5/9, , 10, , 
2015/5/10, , 7, , 
2015/5/11, , 8, , 
2015/5/12, , 12, , 
2015/5/13, , 12, , 
2015/5/14, , 12, , 
2015/5/15, , 17, , 
2015/5/16, , 10, , 
2015/5/17, , 15, , 
2015/5/18, , 11, 13, 
2015/5/19, , 15, 5, 
2015/5/20, , 13, 6, 
2015/5/21, , 10, 10, 
2015/5/22, , 7, 7, 
2015/5/23, , 4, , 
2015/5/25, , 6, , 
2015/5/26, , 9, , 
2015/5/27, , 7, , 
2015/5/28, , 11, 12, 
2015/5/29, , 13, 20, 
2015/5/30, , 15, 3, 
2015/5/31, , 20, 16, 
2015/6/1, , 27, 15, 
2015/6/2, , 31, 18, 
2015/6/3, , 26, 3, 
2015/6/4, , 19, 2, 
2015/6/5, , 19, , 
2015/6/9, , 21, , 
2015/6/10, , 18, 6, 
2015/6/11, , 18, 8, 
2015/6/12, , 26, 16, 
2015/6/13, , 23, , 
2015/6/15, , 12, , 
2015/6/16, , 10, , 
2015/6/17, , 9, 3, 
2015/6/18, , 10, 16, 
2015/6/19, , 15, , 
2015/6/20, , 9, , 
2015/6/23, , 10, 3, 
2015/6/24, , 6, 9, 
2015/6/27, , 11, , 
2015/6/28, , 12, , 
2015/6/29, , 10, , 
2015/6/30, , 10, 15, 
2015/1/5, , 15, , 
2015/1/6, , 25, , 
2015/1/7, , 42, 9, 
2015/1/8, , 67, 8, 
2015/1/9, , 95, 4, 
2015/1/10, , 32, 4, 
2015/1/11, , 50, 3, 
2015/1/12, , 32, 16, 
2015/1/13, , 84, 13, 
2015/1/14, , 101, 5, 
2015/1/15, , 70, 7, 
2015/1/16, , 77, 4, 
2015/1/17, , 114, , 
2015/1/18, , 63, , 
2015/1/19, , 30, 5, 
2015/1/20, , 38, 3, 
2015/1/21, , 34, 7, 
2015/1/22, , 41, 6, 
2015/1/23, , 32, , 
2015/1/24, , 12, , 
2015/1/25, , 13, , 
2015/1/26, , 24, , 
2015/1/27, , 40, , 
2015/1/28, , 51, 6, 
2015/1/29, , 49, 3, 
2015/1/30, , 39, 3, 
2015/1/31, , 21, 8, 
2015/2/1, , 44, 6, 
2015/2/2, , 40, 7, 
2015/2/3, , 59, 4, 
2015/2/4, , 36, , 
2015/2/5, , 33, , 
2015/2/6, , 17, 6, 
2015/2/7, , 31, 8, 
2015/2/8, , 36, , 
2015/2/9, , 9, , 
2015/2/10, , 23, 4, 
2015/2/11, , 51, , 
2015/2/12, , 55, 18, 
2015/2/13, , 75, 13, 
2015/2/14, , 74, 8, 
2015/2/15, , 84, 7, 
2015/2/16, , 54, 5, 
2015/2/17, , 24, 4, 
2015/2/18, , 42, 26, 
2015/2/19, , 74, 19, 
2015/2/20, , 92, , 
2015/2/23, , 40, 4, 
2015/2/24, , 49, , 
2015/2/25, , 20, , 
2015/2/26, , 28, , 
2015/2/27, , 48, , 
2015/3/2, , 23, , 
2015/3/3, , 15, , 
2015/3/6, , 15, , 
2015/3/7, , 21, 6, 
2015/3/8, , 32, 6, 
2015/3/9, , 58, , 
2015/3/11, , 22, , 
2015/3/12, , 9, , 
2015/3/13, , 22, , 
2015/3/19, , 45, 3, 
2015/3/20, , 44, 22, 
2015/3/21, , 49, 12, 
2015/3/22, , 35, , 
2015/3/23, , 39, 10, 
2015/3/24, , 51, 4, 
2015/3/25, , 39, 6, 
2015/3/26, , 14, 2, 
2015/3/27, , 14, , 
2015/3/28, , 9, , 
2015/3/29, , 21, 4, 
2015/3/30, , 30, 3, 
2015/3/31, , 10, , 
2014/11/19, , 35, 2, 
2014/11/20, , 31, , 
2014/11/21, , 50, , 
2014/11/22, , 48, 15, 
2014/11/23, , 71, , 
2014/11/24, , 53, 27, 
2014/11/25, , 50, 7, 
2014/11/26, , 51, 6, 
2014/11/27, , 46, 4, 
2014/11/28, , 54, 2, 
2014/11/29, , 53, , 
2014/11/30, , 46, 2, 
2014/12/1, , 29, , 
2014/12/2, , 23, , 
2014/12/3, , 21, 5, 
2014/12/4, , 30, 3, 
2014/12/5, , 39, 2, 
2014/12/6, , 30, , 
2014/12/7, , 20, , 
2014/12/8, , 23, , 
2014/12/9, , 23, , 
2014/12/10, , 27, , 
2014/12/11, , 54, 10, 
2014/12/12, , 72, 8, 
2014/12/13, , 121, 13, 
2014/12/14, , 70, 2, 
2014/12/15, , 120, 7, 
2014/12/16, , 95, 13, 
2014/12/17, , 38, 2, 
2014/12/18, , 35, 3, 
2014/12/19, , 74, 11, 
2014/12/20, , 59, 5, 
2014/12/21, , 59, 2, 
2014/12/22, , 42, 3, 
2014/12/23, , 34, 8, 
2014/12/24, , 94, 6, 
2014/12/25, , 54, 3, 
2014/12/26, , 9, , 
2024/9/4, , , 1, 
2024/9/5, , , , 
2024/9/6, , , 6, 
2022/7/13, , , 1, 
2022/7/14, , , 1, 
2022/7/15, , , 1, 
2022/7/16, , , 1, 
2022/2/8, , , 1, 
2022/2/9, , , 2, 
2022/2/10, , , 2, 
2022/2/11, , , , 
2022/2/12, , , 2, 
2020/10/24, , , , 
2020/12/7, , , 1, 
2020/12/29, , , 1, 
2020/9/17, , , , 
2020/9/19, , , , 
2020/9/20, , , , 
2020/9/21, , , , 
2020/9/22, , , , 
2020/9/23, , , , 
2020/9/24, , , , 
2020/9/26, , , , 
2020/9/27, , , , 
2020/4/11, , , 2, 
2020/4/12, , , , 
2020/4/13, , , , 
2020/4/14, , , , 
2020/4/15, , , 4, 
2020/4/16, , , , 
2020/4/17, , , , 
2020/4/18, , , , 
2020/4/19, , , , 
2020/4/20, , , 7, 
2020/4/21, , , 3, 
2020/4/22, , , , 
2020/4/23, , , 3, 
2020/4/24, , , , 
2020/4/25, , , , 
2020/4/26, , , 12, 
2020/4/27, , , , 
2020/4/28, , , , 
2020/4/29, , , , 
2020/5/4, , , , 
2020/5/5, , , , 
2020/5/6, , , , 
2020/5/7, , , , 
2019/12/31, , , 1, 
2020/1/4, , , , 
2020/1/20, , , 11, 
2020/1/21, , , 14, 
2020/1/22, , , 4, 
2020/1/23, , , 5, 
2020/1/24, , , 7, 
2020/1/25, , , 3, 
2020/1/26, , , 2, 
2020/1/27, , , 4, 
2019/10/6, , , , 
2019/10/26, , , 1, 
2019/4/1, , , 3, 
2019/4/2, , , 3, 
2019/4/3, , , 2, 
2019/4/4, , , 2, 
2019/4/5, , , 2, 
2019/4/6, , , 4, 
2019/4/7, , , 3, 
2019/4/8, , , 1, 
2019/4/9, , , 1, 
2019/4/10, , , 4, 
2019/4/11, , , , 
2019/4/12, , , , 
2019/4/13, , , 2, 
2019/4/14, , , , 
2019/4/15, , , , 
2019/4/16, , , 1, 
2019/4/17, , , 2, 
2019/4/18, , , 1, 
2019/4/23, , , , 
2019/4/24, , , 2, 
2019/4/25, , , , 
2019/4/26, , , 3, 
2019/4/27, , , , 
2019/4/28, , , , 
2019/4/29, , , , 
2019/4/30, , , , 
2019/5/1, , , , 
2019/5/2, , , , 
2019/5/3, , , , 
2019/5/4, , , , 
2019/5/6, , , , 
2019/5/7, , , , 
2019/5/8, , , 2, 
2019/5/9, , , 1, 
2019/5/10, , , , 
2019/5/11, , , , 
2019/5/12, , , , 
2019/5/13, , , , 
2019/5/15, , , , 
2019/5/16, , , , 
2019/5/17, , , 6, 
2019/5/18, , , 2, 
2019/5/19, , , 1, 
2019/5/20, , , 1, 
2019/5/21, , , 1, 
2019/5/22, , , , 
2019/5/23, , , , 
2019/5/24, , , , 
2019/5/25, , , 1, 
2019/5/26, , , 4, 
2019/5/27, , , 2, 
2019/5/28, , , 1, 
2019/5/29, , , , 
2019/5/30, , , , 
2019/5/31, , , 2, 
2019/6/1, , , , 
2019/6/2, , , , 
2019/6/3, , , 1, 
2019/1/1, , , 2, 
2019/1/2, , , 1, 
2019/1/11, , , , 
2019/1/18, , , 1, 
2019/1/27, , , 3, 
2019/2/4, , , , 
2019/2/12, , , 1, 
2019/2/19, , , 6, 
2019/2/23, , , 1, 
2019/2/24, , , 3, 
2019/2/25, , , 2, 
2019/2/26, , , 6, 
2019/2/27, , , 1, 
2019/2/28, , , 2, 
2019/3/1, , , 5, 
2019/3/2, , , , 
2019/3/3, , , 2, 
2019/3/4, , , 4, 
2019/3/5, , , 2, 
2019/3/6, , , 1, 
2019/3/7, , , 4, 
2019/3/8, , , 2, 
2019/3/9, , , 1, 
2019/3/10, , , 2, 
2019/3/11, , , , 
2019/3/12, , , , 
2019/3/13, , , 6, 
2019/3/14, , , 2, 
2019/3/15, , , 3, 
2019/3/16, , , 1, 
2019/3/17, , , 3, 
2019/3/18, , , , 
2019/3/19, , , , 
2019/3/20, , , 2, 
2019/3/21, , , 1, 
2019/3/22, , , 3, 
2019/3/23, , , 1, 
2019/3/24, , , 4, 
2019/3/25, , , 1, 
2019/3/26, , , 1, 
2019/3/27, , , , 
2019/3/28, , , , 
2019/3/29, , , , 
2019/3/30, , , 1, 
2019/3/31, , , 4, 
2018/10/21, , , , 
2018/7/29, , , , 
2018/8/26, , , 1, 
2018/9/9, , , 5, 
2018/9/16, , , 6, 
2018/4/1, , , 1, 
2018/5/14, , , , 
2018/5/15, , , , 
2018/5/19, , , , 
2018/5/20, , , , 
2018/3/31, , , 1, 
2017/10/1, , , 6, 
2017/9/10, , , 6, 
2017/5/1, , , , 
2017/5/7, , , , 
2017/5/14, , , 3, 
2017/1/8, , , 2, 
2017/1/15, , , , 
2016/12/26, , , 2, 
2016/7/3, , , 1, 
2016/7/4, , , 3, 
2016/8/10, , , , 
2016/9/18, , , 1, 
2016/9/21, , , 1, 
2016/9/22, , , 3, 
2016/9/25, , , 1, 
2016/4/10, , , , 
2016/4/23, , , 1, 
2016/1/6, , , 2, 
2016/1/27, , , 2, 
2016/2/14, , , 2, 
2016/3/28, , , , 
2015/10/8, , , 3, 
2015/11/1, , , 14, 
2015/11/15, , , 22, 
2015/12/13, , , 13, 
2015/12/19, , , 20, 
2015/8/9, , , 3, 
2015/9/4, , , 2, 
2015/4/14, , , 3, 
2015/4/26, , , 2, 
2015/6/8, , , 17, 
2015/6/22, , , 6, 
2015/1/4, , , 2, 
2015/2/22, , , 2, 
2015/3/1, , , 16, 
2015/3/10, , , 2, 
2014/11/18, , , 2, 
2019/5/5, , , , 
2019/5/14, , , , 
2018/5/7, , , , 
2018/5/21, , , , 
2016/7/7, , , , 
2016/1/4, , , , 
2016/1/5, , , , 
2015/3/5, , , , 
2015/3/18, , , , 